code,name,industry,candidate_status,trigger_count,trigger_reasons,review_priority,last_price,market_cap_cny,float_market_cap_cny,pe_dynamic,pe_ttm,pb,return_60d_pct,return_ytd_pct,turnover_pct,revenue_yoy_pct,net_profit_yoy_pct,eps,roe_pct,ocf_to_eps,gross_margin_pct,notice_date,pe_percentile,pb_percentile,return60_percentile,turnover_percentile
000017,深中华A,饰品,HIGH_PRIORITY_CANDIDATE,5,估值压力；60日强势；高换手；现金流/利润背离；收入与利润同比下滑,55.0,9.46,6519689466.0,4170175656.0,308.03,196.72,16.54,72.94,20.2,23.62,-6.1134980832,-43.01,0.0154,2.72,-2.306759960909091,7.6303586835,2026-08-25 00:00:00,1.0,1.0,1.0,1.0
301008,宏昌科技,家电零部件Ⅱ,HIGH_PRIORITY_CANDIDATE,5,估值压力；60日强势；高换手；现金流/利润背离；收入与利润同比下滑,54.93333333333333,38.12,4992318480.0,4408224780.0,869.02,223.41,3.32,53.34,10.59,4.44,-5.4151185851,-87.96,0.0111,0.1,-100.46094205459458,11.4583212916,2026-04-23 00:00:00,1.0,0.6333333333333333,1.0,0.9333333333333332
600722,金牛化工,化学原料,HIGH_PRIORITY_CANDIDATE,5,估值压力；60日强势；高换手；现金流/利润背离；收入与利润同比下滑,54.87914517317612,14.14,9619720219.0,9619720219.0,184.32,202.24,7.63,38.36,138.05,14.57,-13.9400320288,-2.71,0.0192,1.0398,-0.2414804041666667,27.7268040203,2026-04-30 00:00:00,0.9565217391304348,0.8983050847457628,1.0,0.9661016949152542
300534,陇神戎发,中药Ⅱ,HIGH_PRIORITY_CANDIDATE,5,估值压力；60日强势；高换手；现金流/利润背离；收入与利润同比下滑,54.76215277777778,16.16,4902055200.0,4881283847.0,178.81,141.86,6.85,102.25,70.82,20.32,-30.959974212,-40.67,0.0452,1.92,-1.0328013599778765,64.5542883421,2026-08-26 00:00:00,0.8888888888888888,0.984126984126984,1.0,0.984375
002686,亿利达,通用设备,HIGH_PRIORITY_CANDIDATE,5,估值压力；60日强势；高换手；现金流/利润背离；收入与利润同比下滑,54.732982573710615,7.22,4088246540.0,3774102355.0,627.15,217.55,2.55,14.6,10.74,15.27,-28.605657137,-87.78,0.0029,0.1,-8.775959301724138,26.0257875016,2026-04-24 00:00:00,0.9588235294117649,0.3136363636363636,0.90990990990991,0.9955156950672646
002687,乔治白,服装家纺,HIGH_PRIORITY_CANDIDATE,5,60日强势；高换手；现金流/利润背离；收入与利润同比下滑；小流通市值,54.70333333333333,6.23,3144776229.0,2576831187.0,135.01,38.12,2.06,43.55,31.43,4.91,-0.6538995947,-20.01,0.02,0.75,-22.1114010365,44.690186359,2026-08-21 00:00:00,0.86,0.4915254237288136,1.0,0.9833333333333332
603990,麦迪科技,软件开发,HIGH_PRIORITY_CANDIDATE,5,估值压力；60日强势；高换手；现金流/利润背离；收入与利润同比下滑,54.575520833333336,22.65,6913809012.0,6913809012.0,449.38,356.22,8.24,2.91,49.31,3.88,-2.607048612,-83.7,0.01,0.46,-2.2796770674,62.2028670666,2026-04-29 00:00:00,0.9166666666666666,0.890625,0.9140625,0.9140625
600671,天目药业,中药Ⅱ,HIGH_PRIORITY_CANDIDATE,5,估值压力；60日强势；现金流/利润背离；收入与利润同比下滑；小流通市值,54.00636574074074,20.09,2446537800.0,2446370008.0,160.28,149.69,33.14,15.33,16.06,0.81,-15.1163979134,-25.09,0.0313,5.3064,-5.0973632925878585,54.7554652748,2026-04-30 00:00:00,0.8703703703703703,1.0,0.953125,0.359375
688793,倍轻松,小家电,HIGH_PRIORITY_CANDIDATE,5,估值压力；60日强势；高换手；收入与利润同比下滑；小流通市值,52.724999999999994,20.1,1708562692.0,1708562692.0,-36.71,-15.96,7.67,7.89,-7.8,1.46,-0.7852960977,-535.0083790566,-0.14,-5.09,,61.9666067136,2026-04-30 00:00:00,0.0,0.95,0.9,0.925
600127,金健米业,农产品加工,HIGH_PRIORITY_CANDIDATE,4,估值压力；60日强势；高换手；现金流/利润背离,45.0,9.55,6129029732.0,6129029732.0,8754.53,-1175.2,9.13,54.03,42.11,37.93,5.6825074714,-98.09,0.0003,0.03,-934.4326247766668,8.0236494209,2026-04-30 00:00:00,1.0,0.9523809523809524,1.0,1.0
301287,康力源,文娱用品,HIGH_PRIORITY_CANDIDATE,4,估值压力；60日强势；高换手；小流通市值,45.0,41.8,2786806000.0,711910430.0,120.62,53.89,2.39,14.99,0.77,3.0,8.2316385193,-60.55,0.17,0.98,2.7245534829117646,31.9790476921,2026-08-25 00:00:00,1.0,0.4523809523809524,1.0,1.0
601212,白银有色,工业金属,HIGH_PRIORITY_CANDIDATE,4,估值压力；60日强势；高换手；现金流/利润背离,44.873065015479874,7.24,53610567460.0,53610567460.0,89.36,-95.53,3.37,12.95,23.76,6.91,8.2176471325,440.2346662109,0.02,0.98,-1.21417452155,10.1947123437,2026-04-28 00:00:00,0.9803921568627452,0.7368421052631579,0.9649122807017544,0.9824561403508772
300313,天山生物,养殖业,HIGH_PRIORITY_CANDIDATE,4,估值压力；60日强势；高换手；现金流/利润背离,44.79597107438016,15.18,3639845129.0,2995815337.0,218.66,-201.49,99.07,58.95,89.04,16.53,381.0512661639,183.91,0.0174,12.17,-3.59845843816092,9.854911285,2026-04-25 00:00:00,0.8979855371900827,1.0,1.0,1.0
300522,世名科技,化学制品,HIGH_PRIORITY_CANDIDATE,4,估值压力；60日强势；现金流/利润背离；收入与利润同比下滑,44.76552287581699,13.69,4414361131.0,3609985139.0,1482.25,658.81,5.67,13.33,9.17,3.44,-9.36145879,-90.2,0.0046,0.19,-12.10176189652174,23.554827024,2026-08-22 00:00:00,0.9930555555555556,0.9176470588235294,0.9470588235294116,0.8852941176470588
301583,托伦斯,半导体,HIGH_PRIORITY_CANDIDATE,4,估值压力；60日强势；高换手；现金流/利润背离,44.76444047232153,129.2,23963201006.0,3983413392.0,409.17,250.46,12.95,471.68,471.68,13.5,15.3740665424,-14.5758737552,0.11,1.63,-4.937505889218182,23.2516962011,2026-04-17 00:00:00,0.9044117647058824,0.8111111111111111,0.9833333333333332,0.988950276243094
688662,富信科技,其他电子Ⅱ,HIGH_PRIORITY_CANDIDATE,4,估值压力；60日强势；高换手；现金流/利润背离,44.76094276094276,87.5,10036743850.0,10036743850.0,227.27,243.97,13.97,28.02,123.67,6.35,8.5223254956,8.52,0.2,3.0,-0.320608147235,29.4139025146,2026-08-19 00:00:00,0.925925925925926,0.8787878787878788,0.9696969696969696,0.9696969696969696
600272,开开实业,医药商业,HIGH_PRIORITY_CANDIDATE,4,估值压力；60日强势；高换手；现金流/利润背离,44.7037037037037,20.5,5384364873.0,3280000000.0,74.58,234.03,6.81,78.73,50.51,30.41,-0.0503831328,126.21,0.069,2.3,-0.1714284929420289,16.4118680499,2026-04-30 00:00:00,0.8518518518518519,1.0,1.0,1.0
603395,红四方,农化制品,HIGH_PRIORITY_CANDIDATE,4,估值压力；60日强势；高换手；小流通市值,44.702226653373216,28.12,7311200000.0,1827800000.0,139.23,218.06,5.17,17.51,-3.6,24.77,3.708848328,-40.28,0.1,1.85,1.44552988885,9.7067821672,2026-08-26 00:00:00,0.9019607843137256,0.9322033898305084,0.9491525423728814,1.0
300901,中胤时尚,服装家纺,HIGH_PRIORITY_CANDIDATE,4,估值压力；60日强势；高换手；现金流/利润背离,44.69333333333333,16.32,3916800000.0,3916800000.0,638.55,414.21,4.03,7.3,-0.06,3.11,21.269151564,222.34,0.013,0.32,-0.1097811794615384,22.4009657309,2026-08-01 00:00:00,0.98,0.7457627118644068,0.9,0.9333333333333332
301669,高特电子,其他电源设备Ⅱ,HIGH_PRIORITY_CANDIDATE,4,60日强势；高换手；现金流/利润背离；小流通市值,44.68487394957983,28.87,13857600000.0,2364093424.0,224.17,98.64,8.1,307.77,307.77,4.18,26.1447578299,29.85,0.04,1.63,-10.3103258375,23.7006102673,2026-05-21 00:00:00,0.8571428571428571,0.8484848484848485,1.0,0.9705882352941176
600721,百花医药,医疗服务,HIGH_PRIORITY_CANDIDATE,4,60日强势；高换手；现金流/利润背离；收入与利润同比下滑,44.674528301886795,14.67,5641313805.0,5641313805.0,191.1,188.26,7.05,100.68,20.25,23.03,-22.1338001929,-42.08,0.0384,1.82,-0.0685355660677083,45.8283318271,2026-08-25 00:00:00,0.875,0.8867924528301887,0.981132075471698,0.9622641509433962
002365,永安药业,化学制药,HIGH_PRIORITY_CANDIDATE,4,估值压力；60日强势；高换手；现金流/利润背离,44.609002545707014,14.88,4384875600.0,3649892389.0,141.69,126.74,2.23,26.96,0.4,15.26,37.8278300429,277.16,0.0268,0.39,-0.1812950809328358,20.2300249121,2026-04-30 00:00:00,0.9051724137931034,0.4026845637583892,0.912751677852349,0.9731543624161074
600186,莲花控股,调味发酵品Ⅱ,HIGH_PRIORITY_CANDIDATE,4,估值压力；60日强势；高换手；现金流/利润背离,44.57142857142857,11.43,20491299847.0,20449850666.0,35.7,58.28,10.85,18.57,91.14,5.97,28.012075148,42.06,0.0881,7.05,-0.9651593760953462,31.4337299485,2026-04-23 00:00:00,0.7857142857142857,1.0,1.0,1.0
600610,中毅达,化学原料,HIGH_PRIORITY_CANDIDATE,4,估值压力；60日强势；高换手；现金流/利润背离,44.56226971260133,9.01,9652184191.0,6385627612.0,138.96,210.27,62.04,15.66,-9.26,10.24,11.8960630365,-12.15,0.0324,25.2,0.2235484644135802,25.1860486723,2026-08-22 00:00:00,0.8913043478260869,1.0,0.9322033898305084,0.9152542372881356
301130,西点药业,化学制药,HIGH_PRIORITY_CANDIDATE,4,估值压力；高换手；收入与利润同比下滑；小流通市值,44.55912983105763,35.08,2683433550.0,2070328989.0,150.29,456.16,3.08,22.61,23.52,24.56,-20.9524887872,-64.21,0.1175,1.0,3.083455721497873,74.0922048903,2026-08-26 00:00:00,0.913793103448276,0.5704697986577181,0.8657718120805369,1.0
600857,宁波中百,一般零售,HIGH_PRIORITY_CANDIDATE,4,估值压力；60日强势；现金流/利润背离；收入与利润同比下滑,44.504574243490495,19.92,4468452786.0,4468452786.0,193.01,168.77,5.26,20.51,45.72,1.14,-67.5365510743,-34.36,0.05,1.34,-1.22561906596,26.2088651649,2026-08-25 00:00:00,0.9591836734693876,0.8620689655172413,0.9827586206896552,0.6206896551724138
301529,福赛科技,汽车零部件,HIGH_PRIORITY_CANDIDATE,4,估值压力；60日强势；高换手；现金流/利润背离,44.49461179995007,114.64,13576102598.0,7287283507.0,110.43,100.17,9.7,6.06,41.62,3.39,-8.7371684423,9.9,0.37,2.18,0.2214544164972973,26.841953801,2026-04-28 00:00:00,0.8477157360406091,0.9588477366255144,0.9405737704918032,0.918032786885246
600281,华阳新材,小金属,HIGH_PRIORITY_CANDIDATE,4,估值压力；高换手；现金流/利润背离；小流通市值,44.440000000000005,4.98,2561722085.0,2561722085.0,7093.95,-24.41,45.53,-0.99,-15.59,6.95,34.250709682,-99.91,0.0002,0.16,-43.869671195,18.8959446739,2026-04-30 00:00:00,1.0,1.0,0.76,0.92
002724,海洋王,照明设备Ⅱ,HIGH_PRIORITY_CANDIDATE,4,60日强势；高换手；现金流/利润背离；收入与利润同比下滑,44.41046831955923,6.71,5176751540.0,3801069319.0,91.11,107.44,1.91,23.35,0.45,4.8,-5.8054670643,-68.54,0.0368,1.03,-3.5794050911684785,58.180508783,2026-08-22 00:00:00,0.746900826446281,0.4166666666666667,1.0,0.9166666666666666
300923,研奥股份,轨交设备Ⅱ,HIGH_PRIORITY_CANDIDATE,4,估值压力；60日强势；收入与利润同比下滑；小流通市值,44.38620689655172,25.55,2008230000.0,1950145269.0,299.82,63.33,1.81,10.03,1.87,1.31,-10.2608601605,-63.43,0.02,0.15,15.7345549046,27.764613749,2026-04-29 00:00:00,0.9,0.5862068965517241,0.9310344827586208,0.7241379310344828
301655,C绿控,汽车零部件,HIGH_PRIORITY_CANDIDATE,4,60日强势；高换手；现金流/利润背离；小流通市值,44.2994923857868,27.95,12734250168.0,1256860855.0,54.27,70.53,8.57,228.82,228.82,34.13,100.2434123029,87.62,0.15,6.26,-5.061997804613333,15.860396057,2026-05-07 00:00:00,0.649746192893401,0.9465020576131687,1.0,1.0
002333,罗普斯金,装修建材,HIGH_PRIORITY_CANDIDATE,4,60日强势；高换手；现金流/利润背离；收入与利润同比下滑,44.27272727272727,5.83,3934811584.0,3885710817.0,97.94,93.69,2.03,15.22,3.92,3.56,-11.2051022005,-36.07,0.0298,1.04,-2.796101549194631,12.2857542289,2026-08-24 00:00:00,0.6666666666666666,0.4838709677419355,0.9696969696969696,1.0
000020,深华发Ａ,光学光电子,HIGH_PRIORITY_CANDIDATE,4,高换手；现金流/利润背离；收入与利润同比下滑；小流通市值,44.267983789260384,12.66,3584821134.0,2293553850.0,213.23,121.49,8.01,0.56,-8.72,6.25,-31.8285796622,-41.38,0.0297,1.9,-0.0446643368350168,13.0010978166,2026-08-18 00:00:00,0.8095238095238095,0.8031914893617021,0.851063829787234,0.946808510638298
600058,五矿发展,贸易Ⅱ,HIGH_PRIORITY_CANDIDATE,4,估值压力；60日强势；现金流/利润背离；收入与利润同比下滑,44.246753246753244,9.99,10708388003.0,10708388003.0,157.48,-345.32,2.21,-0.3,-13.05,0.54,-14.3169131227,-74.67,0.0014,0.03,-1363.28074228,3.2653451364,2026-04-30 00:00:00,0.9090909090909092,0.6923076923076923,0.9285714285714286,0.5714285714285714
600149,廊坊发展,电力,HIGH_PRIORITY_CANDIDATE,4,估值压力；现金流/利润背离；收入与利润同比下滑；小流通市值,44.2248179324695,5.03,1912204800.0,1912204800.0,306.62,133.64,7.63,-10.97,0.8,1.43,-3.7233558131,-25.54,0.0082,1.25,-12.992312819512192,34.4305136552,2026-08-22 00:00:00,0.979381443298969,0.944954128440367,0.7889908256880734,0.6880733944954128
603391,力聚热能,专用设备,HIGH_PRIORITY_CANDIDATE,4,60日强势；现金流/利润背离；收入与利润同比下滑；小流通市值,44.17699431614929,68.16,6202560000.0,1550640000.0,94.58,30.09,2.87,15.1,6.55,2.88,-15.8413994783,-37.6,0.36,1.44,0.3458626602555555,34.2818438908,2026-08-21 00:00:00,0.7266187050359713,0.55,0.9502762430939228,0.8232044198895028
001260,坤泰股份,汽车零部件,HIGH_PRIORITY_CANDIDATE,4,估值压力；现金流/利润背离；收入与利润同比下滑；小流通市值,44.167387867188154,18.23,2096450000.0,2096450000.0,206.62,56.46,2.6,-4.25,-8.44,1.7,-3.0554463977,-61.43,0.02,0.3,0.2931068826,25.5448713077,2026-04-24 00:00:00,0.9238578680203046,0.5432098765432098,0.7909836065573771,0.7377049180327869
301141,中科磁业,金属新材料,HIGH_PRIORITY_CANDIDATE,4,估值压力；高换手；现金流/利润背离；小流通市值,44.14369501466276,42.2,5234175931.0,1878431931.0,211.88,201.93,4.16,-10.38,-18.88,6.2,25.6471824926,-54.04,0.05,0.48,-10.86579951458,14.847309469,2026-04-25 00:00:00,0.935483870967742,0.5151515151515151,0.6363636363636364,1.0
301397,溯联股份,汽车零部件,HIGH_PRIORITY_CANDIDATE,4,60日强势；现金流/利润背离；收入与利润同比下滑；小流通市值,44.12037114088375,25.01,5056206474.0,2312396239.0,59.9,39.19,2.6,2.79,-5.37,3.14,-18.2583541951,-37.03,0.14,1.06,-0.4496834173571428,20.9757490533,2026-04-24 00:00:00,0.6954314720812182,0.5432098765432098,0.918032786885246,0.8934426229508197
001388,信通电子,电网设备,HIGH_PRIORITY_CANDIDATE,4,估值压力；现金流/利润背离；收入与利润同比下滑；小流通市值,44.08859357696567,21.37,4995579420.0,2673783884.0,173.15,49.48,3.23,-3.74,-25.49,1.84,-8.1620002848,-71.43,0.09,0.98,-13.366958000777778,28.6910599161,2026-08-22 00:00:00,0.9047619047619048,0.5736434108527132,0.7984496124031008,0.6821705426356589
688565,力源科技,环境治理,HIGH_PRIORITY_CANDIDATE,4,估值压力；现金流/利润背离；收入与利润同比下滑；小流通市值,44.06493506493507,11.31,1693446300.0,1693446300.0,757.92,256.2,3.44,3.48,1.34,0.77,-14.7850085786,-80.65,0.0037,0.11,-32.84038541459459,21.2321235691,2026-04-28 00:00:00,0.961038961038961,0.7843137254901961,0.8666666666666667,0.4095238095238095
003001,中岩大地,专业工程,HIGH_PRIORITY_CANDIDATE,4,高换手；现金流/利润背离；收入与利润同比下滑；小流通市值,44.0019305019305,16.07,2805024832.0,1837870973.0,106.02,278.57,2.37,-6.24,-19.85,4.31,-26.5725924336,-36.24,0.0379,0.55,-7.9544597360158305,21.2587454343,2026-04-29 00:00:00,0.8928571428571429,0.5694444444444444,0.6216216216216216,0.972972972972973
603079,圣达生物,化学制品,HIGH_PRIORITY_CANDIDATE,4,高换手；现金流/利润背离；收入与利润同比下滑；小流通市值,43.95522875816994,13.93,2633182662.0,2633182662.0,49.97,49.11,1.67,1.31,-20.94,9.51,-6.8934774078,-39.31,0.07,0.83,-0.2436220684714285,27.6016612658,2026-04-27 00:00:00,0.6805555555555556,0.2647058823529412,0.8,0.9941176470588236
001230,劲旅环境,环境治理,HIGH_PRIORITY_CANDIDATE,4,60日强势；高换手；现金流/利润背离；小流通市值,43.91341991341991,23.72,4454058082.0,2608696614.0,26.3,25.77,2.26,31.7,55.13,9.21,25.3950036962,9.23,0.32,2.12,-2.44447473646875,23.9681227342,2026-04-24 00:00:00,0.4805194805194805,0.6078431372549019,0.9809523809523808,0.9904761904761904
002172,澳洋健康,医疗服务,HIGH_PRIORITY_CANDIDATE,4,估值压力；高换手；现金流/利润背离；收入与利润同比下滑,43.89811320754717,4.84,3706144622.0,3703281133.0,76.69,109.33,18.52,46.22,21.91,28.95,-8.8863553493,-23.42,0.03,12.85,-2.1665575415,12.0436297318,2026-08-18 00:00:00,0.6,0.9622641509433962,0.8490566037735849,1.0
002248,华东数控,通用设备,HIGH_PRIORITY_CANDIDATE,4,估值压力；高换手；现金流/利润背离；收入与利润同比下滑,43.82686828215713,9.84,3025756704.0,3025756704.0,117.87,91.69,25.25,-1.99,-14.66,5.36,-5.1670934255,-5.52,0.04,11.36,-0.1372570819,26.0017320779,2026-08-22 00:00:00,0.7352941176470589,0.9818181818181818,0.7252252252252253,0.905829596412556
603331,百达精工,通用设备,HIGH_PRIORITY_CANDIDATE,4,估值压力；现金流/利润背离；收入与利润同比下滑；小流通市值,43.79008058440925,12.61,2549434770.0,2549434770.0,1050.75,-10.34,2.45,0.96,-11.51,0.87,-14.74631257,-97.18,0.003,0.06,-21.11907114266667,20.4195606777,2026-04-29 00:00:00,0.9823529411764704,0.275,0.7792792792792793,0.2668161434977578
000715,中兴商业,一般零售,HIGH_PRIORITY_CANDIDATE,4,60日强势；高换手；收入与利润同比下滑；小流通市值,43.76002814919071,5.62,3037242576.0,2732618529.0,33.04,27.28,1.5,9.55,-9.79,4.72,-6.6479055969,-5.87,0.09,2.26,0.5426037175666667,54.0829502742,2026-08-22 00:00:00,0.4489795918367347,0.5517241379310345,0.9655172413793104,0.9310344827586208
300916,朗特智能,消费电子,HIGH_PRIORITY_CANDIDATE,4,估值压力；高换手；收入与利润同比下滑；小流通市值,43.74161958568738,26.35,3811369584.0,2705668223.0,328.06,74.85,2.88,-17.66,-18.87,8.62,-7.7428968607,-89.9,0.04,0.42,2.4557100679,14.4534890677,2026-08-26 00:00:00,0.9152542372881356,0.3,0.4555555555555555,1.0
000633,合金投资,金属新材料,HIGH_PRIORITY_CANDIDATE,4,估值压力；现金流/利润背离；收入与利润同比下滑；小流通市值,43.73851417399804,5.41,2083425478.0,2083425478.0,439.45,388.23,10.4,-4.92,-24.97,0.81,-11.224239298,-48.19,0.0062,1.19,-0.2726796080645161,11.1225224731,2026-07-31 00:00:00,0.967741935483871,0.9090909090909092,0.8181818181818182,0.1666666666666666
301636,泽润新能,光伏设备,HIGH_PRIORITY_CANDIDATE,4,估值压力；现金流/利润背离；收入与利润同比下滑；小流通市值,43.5,40.43,2615583393.0,1526492182.0,2339.4,4495.55,2.47,-20.48,-17.32,1.34,-17.9083982204,-99.15,0.0044,0.03,-255.70005355227272,12.3125812236,2026-04-29 00:00:00,1.0,0.5409836065573771,0.4285714285714285,0.6428571428571429
001386,马可波罗,家居用品,HIGH_PRIORITY_CANDIDATE,4,高换手；现金流/利润背离；收入与利润同比下滑；小流通市值,43.469969969969966,16.18,19333805600.0,1740042504.0,30.28,16.49,1.63,1.51,-27.86,4.83,-18.8156988566,-19.18,0.1336,1.31,-1.0172600872230535,33.9953360441,2026-04-29 00:00:00,0.4444444444444444,0.3424657534246575,0.8108108108108109,0.9594594594594594
002329,皇氏集团,饮料乳品,HIGH_PRIORITY_CANDIDATE,4,估值压力；高换手；收入与利润同比下滑；小流通市值,43.455128205128204,3.92,3263023621.0,2554244262.0,200.34,-7.25,6.55,-8.41,0.51,8.27,-1.4349765927,-28.36,0.005,0.83,3.9989017712,23.5793692239,2026-04-30 00:00:00,0.9583333333333334,0.9230769230769232,0.2692307692307692,1.0
301677,欣兴工具,通用设备,HIGH_PRIORITY_CANDIDATE,4,60日强势；高换手；现金流/利润背离；小流通市值,43.45412487137626,54.47,5447000000.0,1167837780.0,28.78,27.3,2.53,62.21,62.21,6.43,6.7814939347,4.250446952,0.63,3.45,0.3479054848682539,53.8819724033,2026-07-10 00:00:00,0.2764705882352941,0.3045454545454545,0.981981981981982,0.937219730941704
300013,新宁物流,物流,HIGH_PRIORITY_CANDIDATE,4,估值压力；高换手；现金流/利润背离；小流通市值,43.42530657748049,4.23,2361858122.0,2359169906.0,71.13,-249.96,12.36,-7.03,7.36,4.86,301.9037788661,1942.87,0.03,9.08,-4.286234979066666,6.4628282116,2026-08-26 00:00:00,0.8974358974358975,0.9565217391304348,0.3260869565217391,0.9782608695652174
301036,双乐股份,化学制品,HIGH_PRIORITY_CANDIDATE,4,估值压力；现金流/利润背离；收入与利润同比下滑；小流通市值,43.40245098039216,22.3,2230000000.0,1553850798.0,802.06,359.29,1.37,-6.73,-34.6,0.91,-1.9102905798,-96.89,0.01,0.08,-52.657979180000005,11.3367601378,2026-08-25 00:00:00,0.9791666666666666,0.1352941176470588,0.5235294117647059,0.3970588235294117
000779,甘咨询,工程咨询服务Ⅱ,HIGH_PRIORITY_CANDIDATE,4,60日强势；高换手；现金流/利润背离；收入与利润同比下滑,43.30769230769231,9.85,4578570102.0,4578079966.0,21.94,38.1,1.14,32.93,20.56,14.35,-3.1634700175,-21.62,0.2245,2.62,-1.9185990514699327,38.4366372976,2026-08-22 00:00:00,0.1538461538461538,0.15,1.0,1.0
002316,亚联发展,综合Ⅱ,HIGH_PRIORITY_CANDIDATE,4,估值压力；现金流/利润背离；收入与利润同比下滑；小流通市值,43.25,4.58,1800489600.0,1560795300.0,315.13,430.8,22.99,-9.66,-3.17,1.26,-22.208423302,-58.18,0.0036,1.84,-8.378262313055556,15.7857615237,2026-04-30 00:00:00,1.0,1.0,0.3,0.65
301001,凯淳股份,互联网电商,HIGH_PRIORITY_CANDIDATE,4,估值压力；现金流/利润背离；收入与利润同比下滑；小流通市值,43.22794117647059,24.05,1924000000.0,1209715000.0,1086.89,-160.6,2.5,-10.26,-18.58,1.24,-3.7782778079,-71.84,0.006,0.06,-233.90849935416665,25.9021110261,2026-04-28 00:00:00,0.9375,0.4117647058823529,0.4705882352941176,0.4117647058823529
301185,鸥玛软件,IT服务Ⅱ,HIGH_PRIORITY_CANDIDATE,4,60日强势；现金流/利润背离；收入与利润同比下滑；小流通市值,43.21925925925926,16.52,2534458752.0,2290785002.0,165.58,48.46,2.4,1.41,-12.59,0.53,-23.4464527018,-60.76,0.02,0.35,-7.8382053265,73.1954930456,2026-04-29 00:00:00,0.6296296296296297,0.2479338842975206,0.92,0.12
001239,永达股份,工程机械,HIGH_PRIORITY_CANDIDATE,4,估值压力；现金流/利润背离；收入与利润同比下滑；小流通市值,43.17857142857142,12.14,2913600000.0,1383960000.0,283.32,91.47,2.15,-8.86,-25.61,0.53,-1.3375010662,-85.92,0.0107,0.19,-1.4381871572897198,9.152877896,2026-04-28 00:00:00,1.0,0.3571428571428571,0.4285714285714285,0.3214285714285714
002929,润建股份,通信服务,HIGH_PRIORITY_CANDIDATE,4,估值压力；高换手；现金流/利润背离；收入与利润同比下滑,43.11556064073227,52.86,15137932305.0,11447877461.0,282.56,594.32,2.32,-23.66,32.98,4.9,-22.8311562151,-31.72,0.1,0.42,-100.45350849082,13.5443311954,2026-08-26 00:00:00,0.9130434782608696,0.2631578947368421,0.1578947368421052,0.9736842105263158
301667,纳百川,汽车零部件,HIGH_PRIORITY_CANDIDATE,4,估值压力；高换手；现金流/利润背离；小流通市值,43.039964217358744,63.02,7037418192.0,1495451366.0,242.75,79.06,5.51,-27.59,-21.37,4.25,26.9450893804,-51.31,0.06,0.56,-14.859727929533337,8.7354020073,2026-04-29 00:00:00,0.9441624365482234,0.8744855967078189,0.0942622950819672,0.9631147540983608
300065,海兰信,航海装备Ⅱ,HIGH_PRIORITY_CANDIDATE,4,估值压力；高换手；现金流/利润背离；收入与利润同比下滑,43.02613636363637,15.32,11053979931.0,10060103020.0,539.19,674.23,6.25,-23.09,-15.69,2.11,-49.5718726222,-69.98,0.0142,0.58,-7.1852649112676055,43.0873586419,2026-08-24 00:00:00,0.9630681818181818,0.8,0.1,0.9
300345,华民股份,光伏设备,HIGH_PRIORITY_CANDIDATE,4,估值压力；60日强势；高换手；收入与利润同比下滑,43.0,9.19,5342446373.0,4418034612.0,-21.4,-25.37,15.53,56.29,46.57,11.52,-35.5371160384,-54.31,-0.2149,-31.4,,-18.8441478948,2026-08-25 00:00:00,0.0,0.9508196721311476,1.0,1.0
300967,晓鸣股份,养殖业,HIGH_PRIORITY_CANDIDATE,4,估值压力；高换手；收入与利润同比下滑；小流通市值,42.99896694214876,17.05,3198152676.0,2127784042.0,865.46,-32.58,4.73,-16.91,-8.23,4.77,-24.455709349,-99.0,0.01,0.24,74.4318073848,12.9063054407,2026-08-18 00:00:00,0.9767561983471076,0.8636363636363636,0.0454545454545454,0.9545454545454546
301520,万邦医药,医疗服务,HIGH_PRIORITY_CANDIDATE,4,60日强势；高换手；收入与利润同比下滑；小流通市值,42.9811320754717,79.34,7392216734.0,2594294468.0,-7059.51,303.91,4.94,201.9,181.25,27.37,-57.0156294886,-102.21,-0.0039,-0.02,,15.2453209786,2026-04-23 00:00:00,0.0,0.6981132075471698,1.0,0.981132075471698
002769,普路通,物流,HIGH_PRIORITY_CANDIDATE,4,估值压力；现金流/利润背离；收入与利润同比下滑；小流通市值,42.97658862876254,7.08,2643091822.0,2640912428.0,81.71,168.93,2.23,-9.46,-39.64,0.94,-81.0118901254,-51.46,0.04,1.36,-12.115799496,62.5276512969,2026-08-21 00:00:00,0.9230769230769232,0.782608695652174,0.2391304347826087,0.6521739130434783
300795,米奥会展,专业服务,HIGH_PRIORITY_CANDIDATE,4,60日强势；高换手；收入与利润同比下滑；小流通市值,42.96551724137931,12.59,3763073823.0,2193081762.0,-127.45,35.36,6.55,24.41,-6.18,7.57,-29.6082312144,-195.0,-0.05,-2.33,,46.378944497,2026-08-22 00:00:00,0.0,0.896551724137931,1.0,0.9655172413793104
300690,双一科技,风电设备,HIGH_PRIORITY_CANDIDATE,4,60日强势；高换手；现金流/利润背离；小流通市值,42.879999999999995,22.91,3788143734.0,2556303711.0,14.11,19.52,2.28,-6.53,-30.07,8.04,13.9832132023,34.4,0.81,8.06,0.0475729076395061,26.56151362,2026-08-25 00:00:00,0.04,0.7,0.9,1.0
688367,工大高科,轨交设备Ⅱ,HIGH_PRIORITY_CANDIDATE,4,估值压力；现金流/利润背离；收入与利润同比下滑；小流通市值,42.8448275862069,29.77,2608584342.0,2608584342.0,2154.56,321.25,4.46,-14.85,-3.5,0.6,-37.492096565,-86.59,0.0035,0.05,-1.8873317374285716,29.8962221925,2026-04-23 00:00:00,1.0,0.9310344827586208,0.2068965517241379,0.4310344827586206
002820,桂发祥,休闲食品,HIGH_PRIORITY_CANDIDATE,4,60日强势；高换手；收入与利润同比下滑；小流通市值,42.82608695652174,9.96,2000648218.0,2000648218.0,-144.43,-72.67,2.4,1.43,-16.3,9.75,-3.8318375743,-76.7,-0.04,-0.81,,45.3626587671,2026-08-12 00:00:00,0.0,0.6956521739130435,0.9130434782608696,1.0
301098,金埔园林,基础建设,HIGH_PRIORITY_CANDIDATE,4,60日强势；高换手；收入与利润同比下滑；小流通市值,42.81395348837209,9.48,2194162315.0,1829514115.0,-33.26,-7.9,1.55,2.38,10.49,3.26,-0.8703732506,-870.16,-0.16,-3.04,,21.4213340135,2026-08-25 00:00:00,0.0,0.573170731707317,0.9302325581395348,0.9534883720930232
600793,宜宾纸业,造纸,HIGH_PRIORITY_CANDIDATE,4,估值压力；高换手；收入与利润同比下滑；小流通市值,42.65217391304348,14.64,2589874589.0,2589874589.0,-25.02,-177.84,11.43,3.76,-30.62,4.15,-25.5496733344,-261.45,-0.1463,-10.82,,19.2974244066,2026-04-30 00:00:00,0.0,0.9565217391304348,0.8695652173913043,0.9130434782608696
603616,韩建河山,水泥,HIGH_PRIORITY_CANDIDATE,4,估值压力；60日强势；收入与利润同比下滑；小流通市值,42.630434782608695,5.63,2180037340.0,2163569590.0,-55.56,-91.71,10.24,-2.76,8.48,1.16,-73.4155563885,-354.42,-0.0257,-4.48,,27.3725249434,2026-04-24 00:00:00,0.0,1.0,0.9130434782608696,0.8043478260869565
300796,贝斯美,农化制品,HIGH_PRIORITY_CANDIDATE,4,估值压力；现金流/利润背离；收入与利润同比下滑；小流通市值,42.30608175473579,6.87,2481051531.0,2476072052.0,210.74,-522.2,1.44,-11.24,-20.76,0.56,-3.6462797893,-83.04,0.02,0.34,-13.64576464355,19.5501209742,2026-08-22 00:00:00,0.9411764705882352,0.288135593220339,0.1525423728813559,0.1186440677966101
600831,广电网络,电视广播Ⅱ,HIGH_PRIORITY_CANDIDATE,4,估值压力；高换手；收入与利润同比下滑；小流通市值,42.25,3.37,2395891363.0,2395891363.0,-2.46,-1.47,43.97,-6.65,-19.76,1.1,-18.2815887151,-35.3271120472,-0.6861,-163.48,,-5.0747084929,2026-08-26 00:00:00,0.0,1.0,0.6666666666666666,0.9166666666666666
000995,皇台酒业,白酒Ⅱ,HIGH_PRIORITY_CANDIDATE,4,估值压力；高换手；收入与利润同比下滑；小流通市值,41.63157894736842,11.09,1967454720.0,1967454720.0,-57.47,866.22,12.81,-13.43,-11.35,3.9,-15.9944086831,-224.96,-0.1,-10.6,,64.0384175943,2026-08-26 00:00:00,0.0,1.0,0.3157894736842105,1.0
300209,行云科技,软件开发,HIGH_PRIORITY_CANDIDATE,3,估值压力；60日强势；高换手,34.90364583333333,34.21,31768641870.0,25414913503.0,1322.0,-434.92,33.81,36.95,527.71,5.6,497.1086363739,540.15,0.0129,1.3,16.17940992139535,34.763493365,2026-07-31 00:00:00,0.9791666666666666,0.984375,0.9921875,0.9609375
688356,键凯科技,化学制药,HIGH_PRIORITY_CANDIDATE,3,估值压力；60日强势；高换手,34.902221707937976,126.45,7669281015.0,7669281015.0,1313.32,180.18,5.9,73.93,54.41,14.05,42.6526555351,-86.76,0.05,0.22,19.37084210404,72.0583816368,2026-08-26 00:00:00,0.9913793103448276,0.8120805369127517,0.9798657718120806,0.959731543624161
688836,宇树科技-W,自动化设备,HIGH_PRIORITY_CANDIDATE,3,估值压力；60日强势；高换手,34.89473684210526,611.0,247127711740.0,18383596920.0,450.96,422.99,28.09,305.17,305.17,13.03,48.5389986228,955.5945828766,0.75,9.99,0.8481095577760001,56.0089333697,2026-08-18 00:00:00,0.9473684210526316,0.9876543209876544,1.0,1.0
603580,艾艾精工,塑料,HIGH_PRIORITY_CANDIDATE,3,估值压力；60日强势；高换手,34.8746964545896,75.16,9821397712.0,9821397712.0,866.25,243.44,21.95,212.39,363.95,6.84,114.1537316252,-38.15,0.0434,1.25,1.9666827730184333,23.7439430872,2026-08-18 00:00:00,0.9655172413793104,0.9714285714285714,1.0,0.943661971830986
688549,中巨芯-U,电子化学品Ⅱ,HIGH_PRIORITY_CANDIDATE,3,估值压力；60日强势；现金流/利润背离,34.857142857142854,24.49,36178489240.0,14432422310.0,1286.79,-3388.71,11.99,73.32,168.53,5.0,40.9816865835,72.75,0.0095,0.47,-4.543101938210526,14.0624062621,2026-08-08 00:00:00,1.0,0.8857142857142857,1.0,0.8571428571428571
603065,宿迁联盛,化学制品,HIGH_PRIORITY_CANDIDATE,3,估值压力；60日强势；高换手,34.84771241830065,17.44,7306794456.0,7306794456.0,335.85,-478.72,3.82,134.72,115.31,5.86,5.9811786896,-30.1,0.01,0.27,10.5110313955,13.0497807899,2026-04-29 00:00:00,0.9444444444444444,0.7941176470588235,1.0,0.9588235294117649
600698,湖南天雁,汽车零部件,HIGH_PRIORITY_CANDIDATE,3,估值压力；60日强势；高换手,34.846405092785226,7.26,7758309934.0,6029079640.0,1891.87,-254.94,10.48,9.67,-19.69,3.82,29.5616280913,75.4,0.0019,0.27,3.622326202631579,10.2757507172,2026-08-22 00:00:00,0.9949238578680204,0.9629629629629628,0.9590163934426228,0.9385245901639344
603186,华正新材,元件,HIGH_PRIORITY_CANDIDATE,3,估值压力；60日强势；高换手,34.82009925558312,179.01,28067070627.0,28067070627.0,226.93,97.04,12.09,47.25,261.86,12.14,19.83693281,68.04,0.21,1.59,1.7148317525285717,12.0206290712,2026-04-22 00:00:00,0.9423076923076924,0.7741935483870968,0.967741935483871,1.0
301234,五洲医疗,医疗器械,HIGH_PRIORITY_CANDIDATE,3,估值压力；60日强势；高换手,34.818782216494846,105.12,7148160000.0,4238230893.0,232.64,301.09,9.37,155.77,148.51,4.78,-6.3959728882,46.11,0.2259,2.0,1.853958578756087,18.0786412464,2026-08-24 00:00:00,0.9484536082474226,0.984375,1.0,0.921875
003032,传智教育,教育,HIGH_PRIORITY_CANDIDATE,3,估值压力；60日强势；高换手,34.81818181818182,9.84,3960083400.0,2799299023.0,679.05,-47.35,3.38,38.01,54.47,12.1,43.7471888689,127.18,0.0036,0.12,18.622372918333333,53.4921412623,2026-04-28 00:00:00,0.9715909090909092,0.4,0.9375,1.0
301122,采纳股份,医疗器械,HIGH_PRIORITY_CANDIDATE,3,估值压力；60日强势；高换手,34.805976159793815,37.14,4540203738.0,2809252256.0,229.56,739.4,2.4,36.04,42.74,5.1,72.2284321423,5.55,0.08,0.54,2.514452559325,24.1577419033,2026-08-26 00:00:00,0.9381443298969072,0.51953125,0.9921875,0.9453125
603333,福华尚纬,电网设备,HIGH_PRIORITY_CANDIDATE,3,估值压力；60日强势；现金流/利润背离,34.80265780730897,10.01,7459066185.0,6221491136.0,3403.79,-231.28,2.57,11.97,19.88,3.27,71.7267141174,103.7797629134,0.001,0.03,-222.956942574,15.4815432989,2026-04-30 00:00:00,0.9904761904761904,0.3682170542635659,0.9844961240310076,0.8527131782945736
300489,光智科技,光学光电子,HIGH_PRIORITY_CANDIDATE,3,估值压力；60日强势；高换手,34.79854778790949,210.0,29223145350.0,29116181010.0,474.93,-1067.22,38.36,53.12,313.39,9.91,20.4895759269,60.81,0.1117,2.34,2.2922266414950765,30.1355662678,2026-04-24 00:00:00,0.9365079365079364,0.9787234042553192,0.9787234042553192,0.9680851063829788
603330,天洋新材,塑料,HIGH_PRIORITY_CANDIDATE,3,估值压力；60日强势；高换手,34.791646430305974,11.05,4781043821.0,4494181192.0,387.75,-21.02,3.63,42.21,52.62,20.3,-28.041358808,158.3677587442,0.01,0.47,15.032277993,32.1313273494,2026-08-26 00:00:00,0.9310344827586208,0.6714285714285714,0.971830985915493,0.9859154929577464
002536,飞龙股份,汽车零部件,HIGH_PRIORITY_CANDIDATE,3,估值压力；60日强势；高换手,34.78642756095532,50.05,28768033694.0,27293399583.0,189.99,157.9,8.64,24.66,70.24,7.6,2.0349039544,-64.02,0.13,0.26,1.6833858910461537,20.4916289459,2026-08-21 00:00:00,0.9137055837563453,0.9506172839506172,0.9877049180327868,0.9836065573770492
000593,德龙汇能,燃气Ⅱ,HIGH_PRIORITY_CANDIDATE,3,估值压力；60日强势；高换手,34.785714285714285,22.93,8223409036.0,8220015626.0,147.03,348.55,9.16,10.45,104.73,2.57,-11.5028257456,13.18,0.079,3.17,3.015413858303797,13.7040422879,2026-08-22 00:00:00,1.0,0.9285714285714286,0.9285714285714286,0.9285714285714286
603318,水发燃气,燃气Ⅱ,HIGH_PRIORITY_CANDIDATE,3,估值压力；60日强势；高换手,34.78042328042328,10.07,5585559305.0,4622844205.0,69.24,247.42,2.91,11.27,50.3,11.77,-6.0810633921,166.0565124019,0.08,2.38,0.7732307142,15.6680926946,2026-08-26 00:00:00,0.925925925925926,0.8214285714285714,0.9642857142857144,1.0
688826,频准激光,光学光电子,HIGH_PRIORITY_CANDIDATE,3,60日强势；高换手；现金流/利润背离,34.77777777777778,1073.0,42920000000.0,8173858626.0,384.02,257.85,19.2,474.17,474.17,22.33,55.205164551,33.5,0.93,5.64,0.0523018075268817,69.2143032755,2026-05-22 00:00:00,0.8888888888888888,0.9148936170212766,1.0,1.0
600353,旭光电子,其他电子Ⅱ,HIGH_PRIORITY_CANDIDATE,3,60日强势；高换手；现金流/利润背离,34.77777777777778,34.6,28676866101.0,28676866101.0,214.83,174.01,15.29,49.01,115.58,7.46,8.7686594612,10.72,0.0402,1.74,-2.888870022363184,22.5611480152,2026-04-30 00:00:00,0.8888888888888888,0.9393939393939394,1.0,1.0
605179,一鸣食品,饮料乳品,HIGH_PRIORITY_CANDIDATE,3,估值压力；60日强势；高换手,34.75641025641025,30.69,12306690000.0,12306690000.0,157.73,212.23,10.62,104.74,47.05,4.46,-0.848120276,21.09,0.0973,3.4,1.2721465193627954,27.0705704754,2026-08-25 00:00:00,0.9166666666666666,1.0,1.0,0.9230769230769232
601162,天风证券,证券Ⅱ,HIGH_PRIORITY_CANDIDATE,3,估值压力；60日强势；收入与利润同比下滑,34.73469387755102,3.75,37777444628.0,32242389278.0,42246.46,286.42,1.38,12.28,-9.86,1.93,-31.0649055855,-99.07,0.0,,,,2026-04-30 00:00:00,1.0,0.6530612244897959,0.9387755102040816,0.8571428571428571
600613,神奇制药,化学制药,HIGH_PRIORITY_CANDIDATE,3,60日强势；高换手；收入与利润同比下滑,34.70782226336496,10.18,5436849173.0,4879477376.0,105.49,150.46,2.37,99.61,69.67,16.03,-11.8739723676,-14.07,0.02,0.55,3.7951684123,45.1313878004,2026-04-29 00:00:00,0.8706896551724138,0.4295302013422818,0.9932885906040269,0.9798657718120806
300779,惠城环保,环境治理,HIGH_PRIORITY_CANDIDATE,3,估值压力；60日强势；现金流/利润背离,34.65714285714286,67.43,20047481946.0,15318224615.0,2351.86,296.37,9.0,19.92,-27.48,1.88,-5.3422447402,130.25,0.01,0.13,-32.0248948235,29.0351741189,2026-04-29 00:00:00,1.0,0.9607843137254902,0.961904761904762,0.7333333333333333
300642,透景生命,医疗器械,HIGH_PRIORITY_CANDIDATE,3,60日强势；高换手；小流通市值,34.64320231958763,17.25,2799196157.0,2375421100.0,121.95,227.48,1.95,25.09,-5.69,22.64,17.7816907078,315.92,0.0711,0.8,8.98951896811533,67.0367582733,2026-08-25 00:00:00,0.8762886597938144,0.375,0.9453125,1.0
600110,诺德股份,电池,HIGH_PRIORITY_CANDIDATE,3,60日强势；高换手；现金流/利润背离,34.640537513997764,11.77,20423079570.0,20423079570.0,99.23,-165.82,3.4,-0.59,66.01,11.29,113.3287576188,242.07,0.0598,1.77,-10.54444542548495,9.159727711,2026-07-31 00:00:00,0.8947368421052632,0.6382978723404256,0.9361702127659576,0.9787234042553192
003018,金富科技,包装印刷,HIGH_PRIORITY_CANDIDATE,3,估值压力；高换手；现金流/利润背离,34.63548387096775,45.4,14253329183.0,12916824506.0,172.94,148.55,8.73,0.04,215.94,8.7,13.6154561084,-19.31,0.08,1.28,-1.2038213706749998,25.7105066888,2026-04-29 00:00:00,0.967741935483871,0.975,0.85,1.0
002589,瑞康医药,医药商业,HIGH_PRIORITY_CANDIDATE,3,估值压力；高换手；收入与利润同比下滑,34.63333333333333,3.23,4860214821.0,4410860700.0,218.23,537.63,0.92,10.62,0.31,5.84,-3.6340372127,-38.7,0.0074,0.21,4.375261504999999,11.3729947417,2026-08-21 00:00:00,1.0,0.25,0.8333333333333334,0.9666666666666668
600371,万向德农,种植业,HIGH_PRIORITY_CANDIDATE,3,60日强势；现金流/利润背离；收入与利润同比下滑,34.628070175438594,9.54,2791194120.0,2791194120.0,101.12,-506.75,5.37,27.54,10.67,16.09,-15.1362128656,-44.47,0.0472,2.6151,-1.1811742669067795,26.4777070733,2026-08-12 00:00:00,0.8666666666666667,0.8947368421052632,1.0,0.8947368421052632
300751,迈为股份,光伏设备,HIGH_PRIORITY_CANDIDATE,3,60日强势；高换手；收入与利润同比下滑,34.61904761904762,228.77,63804353805.0,44118101189.0,126.54,110.03,7.93,4.59,11.33,4.53,-30.9548329441,-35.99,0.91,3.14,6.490864752558241,48.4620289768,2026-08-25 00:00:00,0.8571428571428571,0.918032786885246,0.9682539682539684,0.9682539682539684
603823,百合花,化学制品,HIGH_PRIORITY_CANDIDATE,3,估值压力；60日强势；高换手,34.61633986928105,64.23,26743297628.0,26743297628.0,115.78,146.23,10.6,128.25,330.5,3.89,5.8722709515,16.03,0.28,4.6,1.1154037820999998,22.5383017128,2026-08-25 00:00:00,0.8611111111111112,0.9705882352941176,0.9941176470588236,0.9058823529411764
002827,高争民爆,化学制品,HIGH_PRIORITY_CANDIDATE,3,估值压力；60日强势；收入与利润同比下滑,34.60816993464053,54.19,15013122740.0,14956379036.0,231.32,93.1,14.08,95.28,44.16,2.42,-5.1609063755,-53.11,0.1176,3.02,1.600358062670068,26.626319721,2026-08-14 00:00:00,0.9305555555555556,0.9882352941176472,0.9882352941176472,0.7705882352941177
600844,金煤科技,化学原料,HIGH_PRIORITY_CANDIDATE,3,估值压力；60日强势；高换手,34.56005895357406,3.65,3710313476.0,3002966814.0,90.88,-48.7,46.84,19.67,26.74,11.64,1.0631935262,128.0380128553,0.0201,28.56,1.312866716567164,19.2670682936,2026-07-18 00:00:00,0.8478260869565217,0.9830508474576272,0.9661016949152542,0.9322033898305084
688105,诺唯赞,生物制品,HIGH_PRIORITY_CANDIDATE,3,估值压力；60日强势；现金流/利润背离,34.55555555555556,22.56,11663183044.0,11663183044.0,697.28,-813.24,3.24,60.46,50.2,3.29,12.5157828433,118.95,0.01,0.11,-19.7361536392,71.0359496504,2026-04-23 00:00:00,1.0,0.5740740740740741,0.925925925925926,0.7037037037037037
002774,快意电梯,专用设备,HIGH_PRIORITY_CANDIDATE,3,60日强势；现金流/利润背离；收入与利润同比下滑,34.53324853929011,16.12,5427408948.0,4542163592.0,154.2,98.27,4.79,36.15,79.51,2.89,-2.4813145023,-48.33,0.0523,1.46,-1.4865067720076484,19.6004906683,2026-08-25 00:00:00,0.8633093525179856,0.7277777777777777,0.988950276243094,0.8287292817679558
000505,京粮控股,农产品加工,HIGH_PRIORITY_CANDIDATE,3,60日强势；高换手；收入与利润同比下滑,34.53260869565218,6.95,5052304244.0,4395043335.0,155.21,-18.65,1.76,17.2,-18.33,10.57,-20.3087909397,-36.82,0.01,0.28,52.4437217025,6.3163499629,2026-04-30 00:00:00,0.875,0.4285714285714285,0.9130434782608696,0.9565217391304348
688627,精智达,通用设备,HIGH_PRIORITY_CANDIDATE,3,估值压力；60日强势；现金流/利润背离,34.529498266401454,464.45,43717821125.0,43717821125.0,446.92,522.04,24.46,33.47,107.93,2.51,81.1679117713,59.9,0.52,2.8,-7.145697430269231,43.3773684636,2026-08-19 00:00:00,0.9352941176470588,0.9772727272727272,0.9684684684684683,0.7219730941704036
002882,金龙羽,电网设备,HIGH_PRIORITY_CANDIDATE,3,60日强势；高换手；现金流/利润背离,34.524031007751944,22.84,9887436000.0,5641252468.0,128.78,125.69,4.68,2.88,-24.02,6.48,4.2225856064,-42.46,0.0887,1.8,-5.621132360270575,10.3528860448,2026-08-22 00:00:00,0.8666666666666667,0.8062015503875969,0.9147286821705426,0.9612403100775194
603818,曲美家居,家居用品,HIGH_PRIORITY_CANDIDATE,3,估值压力；60日强势；小流通市值,34.51636636636636,3.76,2581404895.0,2581404895.0,520.41,-18.03,1.25,18.24,4.16,1.64,-3.6084491374,129.17,0.002,0.06,67.534805559,35.6714912035,2026-04-30 00:00:00,0.9777777777777776,0.2191780821917808,0.9324324324324323,0.6959459459459459
002486,嘉麟杰,服装家纺,HIGH_PRIORITY_CANDIDATE,3,估值压力；60日强势；小流通市值,34.51333333333333,2.71,2233807201.0,2223386980.0,366.63,58.26,2.1,9.27,-12.58,1.62,0.0322102043,-84.02,0.0018,0.14,13.148851435,18.8657156224,2026-04-30 00:00:00,0.94,0.5084745762711864,0.9166666666666666,0.8
603106,恒银科技,计算机设备,HIGH_PRIORITY_CANDIDATE,3,高换手；现金流/利润背离；收入与利润同比下滑,34.50208999262355,8.2,4268264000.0,4268264000.0,278.75,174.17,3.24,7.61,-23.15,8.26,-41.2371499733,-46.52,0.0147,0.58,-11.68253809639456,39.2155167262,2026-08-26 00:00:00,0.8775510204081632,0.524390243902439,0.891566265060241,0.963855421686747
603988,中电电机,电机Ⅱ,HIGH_PRIORITY_CANDIDATE,3,估值压力；60日强势；收入与利润同比下滑,34.47304347826087,20.18,4746336000.0,4746336000.0,504.77,12636.29,7.23,-4.54,-16.82,1.81,-17.9508682291,-86.56,0.02,0.71,14.66480107995,25.5635663049,2026-08-22 00:00:00,0.9565217391304348,0.96,0.92,0.72
301217,铜冠铜箔,电池,HIGH_PRIORITY_CANDIDATE,3,估值压力；60日强势；现金流/利润背离,34.463045912653975,109.35,90652849736.0,90652849736.0,213.11,551.94,16.48,5.52,218.99,1.88,32.0377583946,2138.17,0.13,1.95,-2.9605396380076923,8.7917710127,2026-04-28 00:00:00,0.986842105263158,0.9574468085106383,0.9680851063829788,0.5531914893617021
000506,招金黄金,贵金属,HIGH_PRIORITY_CANDIDATE,3,估值压力；60日强势；现金流/利润背离,34.46153846153846,20.99,19500082803.0,19493559111.0,42.99,57.19,21.62,45.16,60.72,7.48,85.131256022,407.44,0.24,28.34,0.2486672744916667,55.9424937896,2026-08-18 00:00:00,0.8461538461538461,1.0,1.0,0.7692307692307693
301108,洁雅股份,个护用品,HIGH_PRIORITY_CANDIDATE,3,估值压力；60日强势；小流通市值,34.44871794871794,38.01,4278263139.0,2464318104.0,104.16,55.22,2.28,62.37,14.8,1.33,55.4495230355,2.04,0.09,0.54,2.545920446366667,24.9900833472,2026-04-28 00:00:00,0.9166666666666666,0.6923076923076923,1.0,0.6153846153846154
601579,会稽山,非白酒,HIGH_PRIORITY_CANDIDATE,3,60日强势；高换手；现金流/利润背离,34.44117647058823,20.77,9958455005.0,9958455005.0,38.7,35.64,2.65,29.49,3.95,3.51,4.4297030225,37.04,0.27,3.36,0.3293105403518518,55.8544869653,2026-08-22 00:00:00,0.75,0.5294117647058824,1.0,0.9411764705882352
300958,建工修复,环境治理,HIGH_PRIORITY_CANDIDATE,3,估值压力；高换手；小流通市值,34.43896103896104,12.79,2004660845.0,1164522171.0,497.61,-42.46,1.63,-0.31,3.06,3.39,-32.2965545387,105.76,0.01,0.16,8.766206515199999,12.2760502578,2026-08-21 00:00:00,0.948051948051948,0.4705882352941176,0.8095238095238095,0.923809523809524
301392,汇成真空,专用设备,HIGH_PRIORITY_CANDIDATE,3,估值压力；高换手；现金流/利润背离,34.43713979092969,171.01,17101000000.0,6976508740.0,155.5,412.82,22.89,3.85,32.63,6.55,16.5590965808,230.38,0.2749,3.7,0.2337709334303383,55.9543281111,2026-04-28 00:00:00,0.8705035971223022,0.9722222222222222,0.8729281767955801,0.9502762430939228
002141,贤丰控股,元件,HIGH_PRIORITY_CANDIDATE,3,60日强势；高换手；收入与利润同比下滑,34.42928039702233,6.01,6207944146.0,6207944146.0,99.37,920.27,7.53,83.79,61.13,7.74,-20.7427130253,-22.27,0.0307,3.84,3.7350756611400646,19.4044508759,2026-08-26 00:00:00,0.7307692307692307,0.5806451612903226,1.0,0.967741935483871
301335,天元宠物,文娱用品,HIGH_PRIORITY_CANDIDATE,3,60日强势；现金流/利润背离；小流通市值,34.42857142857143,25.2,3220507080.0,2227477064.0,60.56,58.01,1.67,13.11,-12.32,1.41,19.8153291894,-20.0,0.11,0.69,-7.031603752136364,18.5407535803,2026-04-25 00:00:00,0.8571428571428571,0.0952380952380952,0.9523809523809524,0.8095238095238095
301396,宏景科技,IT服务Ⅱ,HIGH_PRIORITY_CANDIDATE,3,估值压力；60日强势；高换手,34.42666666666667,173.1,37203442202.0,24494826215.0,307.39,1061.32,30.81,-0.19,266.66,4.07,7.0111353846,39.75,0.1971,2.47,8.465711347148655,34.2293276106,2026-04-29 00:00:00,0.8333333333333334,0.9834710743801652,0.912,0.936
301025,读客文化,出版,HIGH_PRIORITY_CANDIDATE,3,估值压力；高换手；小流通市值,34.41666666666667,9.15,3662831010.0,2535929271.0,167.47,270.07,5.85,-1.82,-6.25,2.0,2.845793967,78.52,0.0273,1.75,1.7513147426739926,37.0675915765,2026-08-18 00:00:00,0.9583333333333334,1.0,0.7857142857142857,0.9285714285714286
000620,盈新发展,房地产开发,HIGH_PRIORITY_CANDIDATE,3,60日强势；高换手；现金流/利润背离,34.414351851851855,3.4,19964171136.0,15883945971.0,115.93,-21.57,5.37,19.72,26.87,6.15,35.1677449292,153.38,0.01,2.29,0.338037271,3.2812887482,2026-08-22 00:00:00,0.78125,0.9473684210526316,0.925925925925926,1.0
002451,摩恩电气,电网设备,HIGH_PRIORITY_CANDIDATE,3,估值压力；高换手；现金流/利润背离,34.41218161683278,7.93,3494513100.0,3482451570.0,303.29,328.68,4.53,-5.14,-21.64,7.45,-10.1847460556,0.88,0.0131,0.74,-25.66441790496183,10.3119778914,2026-08-24 00:00:00,0.961904761904762,0.7829457364341085,0.7596899224806202,0.9689922480620154
300640,德艺文创,家居用品,HIGH_PRIORITY_CANDIDATE,3,估值压力；现金流/利润背离；小流通市值,34.41111111111111,6.8,2114755304.0,1501094084.0,408.13,205.62,2.63,4.45,-11.92,2.45,4.4269693844,-67.02,0.0042,0.16,-22.12307019047619,15.1881379027,2026-04-27 00:00:00,0.9555555555555556,0.6301369863013698,0.8243243243243243,0.8513513513513513
688037,芯源微,半导体,HIGH_PRIORITY_CANDIDATE,3,估值压力；60日强势；现金流/利润背离,34.39910627234319,369.31,74514384638.0,74514384638.0,4621.24,1167.15,26.43,52.14,148.74,1.89,26.4696339043,-49.37,0.04,0.29,-55.849883462575,34.9317599188,2026-08-26 00:00:00,0.9926470588235294,0.9666666666666668,0.95,0.5138121546961326
300996,普联软件,软件开发,HIGH_PRIORITY_CANDIDATE,3,60日强势；高换手；现金流/利润背离,34.390625,14.04,5556902860.0,4677317948.0,236.07,59.23,4.29,14.43,19.49,4.81,8.2082988876,142.18,0.0208,0.45,-17.947656743221156,32.2797225526,2026-04-16 00:00:00,0.75,0.6640625,0.9765625,0.9375
002383,合众思壮,军工电子Ⅱ,HIGH_PRIORITY_CANDIDATE,3,估值压力；现金流/利润背离；收入与利润同比下滑,34.38333333333333,7.19,5323190593.0,5323190593.0,3144.26,-33.17,3.55,-6.87,-42.89,1.68,-6.3848857601,-84.25,0.0006,0.03,-173.75449838166668,38.1323644369,2026-04-23 00:00:00,1.0,0.4833333333333333,0.7666666666666667,0.85
301270,汉仪股份,软件开发,HIGH_PRIORITY_CANDIDATE,3,估值压力；60日强势；收入与利润同比下滑,34.36979166666667,31.93,3193000000.0,3017156509.0,818.3,324.33,3.35,6.61,-14.35,1.59,-8.8948737795,-69.2,0.0199,0.2,2.797718954773869,80.406986084,2026-08-26 00:00:00,0.9583333333333334,0.453125,0.9375,0.578125
300567,精测电子,通用设备,HIGH_PRIORITY_CANDIDATE,3,估值压力；60日强势；现金流/利润背离,34.35359801901611,215.1,60173543348.0,48838395848.0,352.21,690.57,14.6,15.03,136.37,2.43,7.2624981815,13.61,0.15,0.97,-8.830030017886667,45.4391647498,2026-04-28 00:00:00,0.9058823529411764,0.9545454545454546,0.9144144144144144,0.7130044843049327
301018,申菱环境,通用设备,HIGH_PRIORITY_CANDIDATE,3,高换手；现金流/利润背离；收入与利润同比下滑,34.34711704582452,103.0,38550977917.0,29130758597.0,340.49,201.89,14.25,4.15,127.93,6.05,-1.8018961377,-47.71,0.11,1.03,-6.6067762165272725,20.5955389975,2026-04-29 00:00:00,0.8941176470588236,0.9454545454545454,0.8153153153153153,0.9282511210762332
301045,天禄科技,光学光电子,HIGH_PRIORITY_CANDIDATE,3,60日强势；现金流/利润背离；收入与利润同比下滑,34.331475852752455,63.73,7030588955.0,5780491165.0,283.66,236.95,6.83,20.7,141.13,2.55,-9.5444090649,-18.32,0.11,1.2,-1.1018930025,26.5658286003,2026-08-26 00:00:00,0.8412698412698413,0.7446808510638298,0.9361702127659576,0.776595744680851
600616,金枫酒业,非白酒,HIGH_PRIORITY_CANDIDATE,3,估值压力；现金流/利润背离；收入与利润同比下滑,34.32352941176471,4.4,2943621780.0,2943621780.0,607.53,7156.32,1.55,-2.0,-17.14,0.58,-12.7930005648,-57.35,0.002,0.06,-49.448131079,44.0334626648,2026-04-30 00:00:00,1.0,0.1764705882352941,0.8235294117647058,0.6764705882352942
000576,甘化科工,地面兵装Ⅱ,HIGH_PRIORITY_CANDIDATE,3,估值压力；60日强势；现金流/利润背离,34.31800964187328,7.28,3177124598.0,3158175100.0,410.77,45.13,1.92,-3.32,-30.86,1.01,75.9444445395,-73.48,0.0044,0.12,-50.002588259545455,29.4864243886,2026-04-30 00:00:00,0.9506714876033058,0.25,0.9166666666666666,0.5833333333333334
688448,磁谷科技,通用设备,HIGH_PRIORITY_CANDIDATE,3,估值压力；60日强势；现金流/利润背离,34.310810810810814,63.65,6207080531.0,6207080531.0,2566.86,929.69,6.05,13.56,77.2,1.38,5.7366487446,-73.04,0.02,0.12,-1.7568733776,30.6391614468,2026-08-18 00:00:00,1.0,0.8045454545454546,0.9054054054054054,0.5
002879,长缆科技,电网设备,HIGH_PRIORITY_CANDIDATE,3,60日强势；现金流/利润背离；小流通市值,34.30188261351053,16.53,3192069289.0,2266908017.0,91.51,26.4,1.72,4.69,-8.57,3.29,0.8676647897,-42.42,0.09,0.92,-1.952441026611111,27.7991663708,2026-08-18 00:00:00,0.7904761904761904,0.1162790697674418,0.9302325581395348,0.8604651162790697
688479,友车科技,软件开发,HIGH_PRIORITY_CANDIDATE,3,60日强势；现金流/利润背离；收入与利润同比下滑,34.26041666666667,32.28,6498750341.0,2793006341.0,278.57,170.46,3.52,9.42,142.52,1.82,-6.5274515975,-28.04,0.06,0.62,-1.4032098301500002,31.6253517742,2026-08-22 00:00:00,0.8333333333333334,0.48828125,0.953125,0.6875
600829,人民同泰,医药商业,HIGH_PRIORITY_CANDIDATE,3,60日强势；高换手；现金流/利润背离,34.25555555555555,10.14,5880070374.0,5880070374.0,36.3,41.33,1.9,15.89,-6.2,5.05,5.0252642218,11.6,0.1397,2.65,-5.156750778489621,8.1140126612,2026-08-08 00:00:00,0.7777777777777778,0.6333333333333333,0.9,0.9
601999,出版传媒,出版,HIGH_PRIORITY_CANDIDATE,3,60日强势；现金流/利润背离；收入与利润同比下滑,34.25,6.14,3382616258.0,3382616258.0,127.41,32.31,1.28,2.68,-9.84,0.47,-12.7124234699,-4.73,0.01,0.25,-49.9189851823,24.2691210969,2026-04-29 00:00:00,0.875,0.6071428571428571,1.0,0.5
600629,华建集团,工程咨询服务Ⅱ,HIGH_PRIORITY_CANDIDATE,3,估值压力；现金流/利润背离；收入与利润同比下滑,34.24807692307692,16.64,19132753170.0,19132753170.0,1164.96,1230.62,3.65,19.63,-7.86,1.23,-7.4412567887,-93.18,0.004,0.08,-138.9578702285,19.0042803402,2026-04-30 00:00:00,0.9615384615384616,0.775,0.875,0.575
002445,中南文化,通用设备,HIGH_PRIORITY_CANDIDATE,3,高换手；现金流/利润背离；收入与利润同比下滑,34.23141294816315,3.76,8936044317.0,8897115878.0,146.08,201.88,3.9,5.32,44.62,13.34,-3.058220075,-49.85,0.0129,1.35,-3.4086733819379846,14.5916588371,2026-08-19 00:00:00,0.7823529411764706,0.6,0.8378378378378378,0.9910313901345292
002949,华阳国际,工程咨询服务Ⅱ,HIGH_PRIORITY_CANDIDATE,3,高换手；现金流/利润背离；小流通市值,34.213461538461544,13.68,2682482280.0,2078342700.0,150.12,28.97,1.88,11.22,-10.88,13.55,-24.7866383136,80.44,0.0228,0.28,-15.019099145219297,26.5036890716,2026-04-30 00:00:00,0.7692307692307693,0.4,0.85,0.975
000815,美利云,IT服务Ⅱ,HIGH_PRIORITY_CANDIDATE,3,60日强势；高换手；现金流/利润背离,34.21333333333333,16.34,11360597992.0,11360597992.0,173.23,142.84,8.01,1.68,46.02,5.96,-0.9389288649,64.9,0.05,2.34,-0.62342357494,43.4465749382,2026-08-25 00:00:00,0.6666666666666666,0.8347107438016529,0.944,0.992
688237,超卓航科,航空装备Ⅱ,HIGH_PRIORITY_CANDIDATE,3,估值压力；60日强势；现金流/利润背离,34.19204927211646,55.89,5012324297.0,5012324297.0,339.44,351.55,4.24,17.47,15.45,0.67,30.9450610797,76.01,0.04,0.3,-1.6556062584249998,21.4797540864,2026-04-30 00:00:00,0.9736842105263158,0.6595744680851063,0.9787234042553192,0.2872340425531915
300618,寒锐钴业,能源金属,HIGH_PRIORITY_CANDIDATE,3,估值压力；60日强势；现金流/利润背离,34.18181818181819,35.44,10975664905.0,9657281560.0,55.64,48.59,1.97,-8.12,-21.31,2.07,23.3182846948,-22.5,0.32,1.79,-0.8265736607093749,16.6408021571,2026-08-01 00:00:00,0.9090909090909092,0.4545454545454545,1.0,0.3636363636363636
300314,戴维医疗,医疗器械,HIGH_PRIORITY_CANDIDATE,3,高换手；现金流/利润背离；小流通市值,34.16986146907216,12.05,3470400000.0,1732084448.0,72.04,57.68,2.82,17.45,-3.6,4.79,0.2578766692,-52.75,0.0836,1.94,0.1503005528110048,50.3097691307,2026-08-21 00:00:00,0.7216494845360825,0.6015625,0.8984375,0.9296875
688655,迅捷兴,元件,HIGH_PRIORITY_CANDIDATE,3,估值压力；高换手；现金流/利润背离,34.16873449131514,44.31,5910510900.0,5910510900.0,207.19,-1104.9,8.78,-9.35,158.67,6.9,77.4638956831,615.6475288689,0.11,2.15,-1.0039233021454546,17.1778486405,2026-08-25 00:00:00,0.9230769230769232,0.6451612903225806,0.6935483870967742,0.935483870967742
301707,展芯股份,半导体,HIGH_PRIORITY_CANDIDATE,3,60日强势；高换手；小流通市值,34.155913046618274,80.96,33289936733.0,2190175581.0,116.09,134.76,13.59,245.25,245.25,15.8,-3.9795674834,15.2,0.39,9.67,1.5771650866230769,81.9627263067,2026-08-25 00:00:00,0.6029411764705882,0.8222222222222222,0.9777777777777776,0.994475138121547
002716,湖南白银,贵金属,HIGH_PRIORITY_CANDIDATE,3,估值压力；高换手；现金流/利润背离,34.15384615384615,11.43,32267903224.0,26545896954.0,95.95,72.33,7.94,19.19,65.17,16.5,92.536588686,170.34,0.0595,4.36,-8.200082685563025,6.6180554885,2026-08-21 00:00:00,0.9230769230769232,0.7692307692307693,0.6923076923076923,0.9230769230769232
600316,洪都航空,航空装备Ⅱ,HIGH_PRIORITY_CANDIDATE,3,估值压力；60日强势；现金流/利润背离,34.11702127659575,29.2,20939743750.0,20939743750.0,905.18,387.2,3.89,2.35,-16.31,0.67,73.4729535331,167.7501799671,0.0081,0.11,-21.022929312962965,2.22961083,2026-04-25 00:00:00,1.0,0.6170212765957447,0.9148936170212766,0.2872340425531915
301365,矩阵股份,工程咨询服务Ⅱ,HIGH_PRIORITY_CANDIDATE,3,60日强势；现金流/利润背离；收入与利润同比下滑,34.10961538461538,40.1,7315394920.0,4937227889.0,134.82,147.63,4.11,24.23,70.57,2.41,-6.8937899871,-33.01,0.15,1.5,0.4468557615533333,31.5119381267,2026-08-25 00:00:00,0.6923076923076923,0.9,0.925,0.875
301205,联特科技,通信设备,HIGH_PRIORITY_CANDIDATE,3,估值压力；现金流/利润背离；收入与利润同比下滑,34.10588235294118,305.98,39803255310.0,25624359356.0,3267.04,455.26,24.64,-9.96,81.8,7.55,-9.5648764936,-83.71,0.0235,0.19,-35.46579627510638,43.4381483251,2026-04-29 00:00:00,1.0,0.9058823529411764,0.611764705882353,0.8823529411764706
600206,有研新材,半导体,HIGH_PRIORITY_CANDIDATE,3,60日强势；高换手；现金流/利润背离,34.10419781172138,51.02,43191150999.0,43191150999.0,117.79,135.82,9.99,83.99,152.7,5.97,50.3538965052,40.89,0.217,4.22,-5.173614090202765,7.4200648174,2026-08-05 00:00:00,0.6102941176470589,0.7333333333333333,0.9666666666666668,0.9502762430939228
600095,湘财股份,证券Ⅱ,HIGH_PRIORITY_CANDIDATE,3,估值压力；高换手；收入与利润同比下滑,34.10204081632653,8.67,24789157732.0,24789157732.0,257.15,56.46,2.01,4.58,-21.61,2.73,-5.0,-50.98,0.0085,0.1962,86.24713837458823,7.0099002092,2026-04-25 00:00:00,0.9591836734693876,0.8571428571428571,0.6326530612244898,0.9183673469387756
688103,国力电子,其他电子Ⅱ,HIGH_PRIORITY_CANDIDATE,3,估值压力；60日强势；现金流/利润背离,34.09259259259259,73.65,7019991436.0,7019991436.0,260.99,107.39,6.35,18.77,22.02,1.06,33.2797847584,-42.98,0.07,0.59,-2.5287086941142856,23.8264553845,2026-04-28 00:00:00,0.9629629629629628,0.6818181818181818,0.9393939393939394,0.2878787878787879
001317,三羊马,铁路公路,HIGH_PRIORITY_CANDIDATE,3,估值压力；高换手；现金流/利润背离,34.09090909090909,52.21,4467390314.0,4464086413.0,980.21,662.67,4.39,-3.14,-5.26,4.85,-22.1715475836,117.53,0.03,0.22,-10.650574126966667,9.6441532095,2026-08-21 00:00:00,1.0,0.9696969696969696,0.5454545454545454,1.0
603373,安邦护卫,专业服务,HIGH_PRIORITY_CANDIDATE,3,60日强势；现金流/利润背离；小流通市值,34.06732348111658,40.17,6047096798.0,2554898406.0,64.87,46.99,3.3,16.43,49.55,1.07,2.322261932,9.88,0.22,1.25,-9.45529847005,24.0783727154,2026-04-29 00:00:00,0.8095238095238095,0.6896551724137931,0.9655172413793104,0.5172413793103449
601099,太平洋,证券Ⅱ,HIGH_PRIORITY_CANDIDATE,3,估值压力；高换手；收入与利润同比下滑,34.06122448979592,3.51,23925270459.0,23925270459.0,245.32,143.29,2.41,4.46,-14.6,2.95,-18.6213356035,-64.11,0.004,0.25,26.0301783905,,2026-04-30 00:00:00,0.9387755102040816,0.8979591836734694,0.6122448979591837,0.9591836734693876
603118,共进股份,通信设备,HIGH_PRIORITY_CANDIDATE,3,60日强势；高换手；现金流/利润背离,34.05982053838484,17.88,14076502139.0,14076502139.0,96.9,151.49,2.76,41.34,55.88,14.35,16.0861893146,26.33,0.09,1.43,-2.507347107011111,11.3854255078,2026-08-26 00:00:00,0.559322033898305,0.1294117647058823,0.9882352941176472,0.9647058823529412
300250,初灵信息,IT服务Ⅱ,HIGH_PRIORITY_CANDIDATE,3,估值压力；现金流/利润背离；小流通市值,34.04088888888889,15.27,3263954544.0,2406426511.0,877.62,83.18,5.86,-9.43,-36.45,2.07,0.8527247175,-46.05,0.01,0.33,-9.6412007488,43.7714252072,2026-08-21 00:00:00,0.9444444444444444,0.7107438016528925,0.664,0.824
605028,世茂能源,电力,HIGH_PRIORITY_CANDIDATE,3,估值压力；60日强势；收入与利润同比下滑,34.039014470821904,24.61,3937600000.0,3937600000.0,328.34,27.74,3.08,7.94,-14.96,0.23,-1.5962050961,-91.03,0.02,0.14,2.42974934375,55.7496007322,2026-04-29 00:00:00,0.9896907216494846,0.7935779816513762,0.981651376146789,0.0963302752293578
001210,金房能源,电力,HIGH_PRIORITY_CANDIDATE,3,60日强势；高换手；现金流/利润背离,34.01929442920647,27.21,5973622069.0,3630355234.0,24.68,44.06,4.2,4.05,125.62,3.48,9.7019987095,0.97,0.5513,8.71,-1.1571066955740976,27.3299844301,2026-08-21 00:00:00,0.5876288659793815,0.8623853211009175,0.9541284403669724,0.9357798165137616
002295,精艺股份,工业金属,HIGH_PRIORITY_CANDIDATE,3,估值压力；现金流/利润背离；小流通市值,33.97420020639834,10.09,2528715440.0,2526808430.0,87.75,-48.09,1.95,-1.66,-24.25,2.53,22.9619509364,-6.73,0.03,0.56,-18.639329702266668,2.5290042809,2026-04-28 00:00:00,0.9607843137254902,0.3333333333333333,0.7017543859649122,0.6491228070175439
688147,微导纳米,半导体,HIGH_PRIORITY_CANDIDATE,3,估值压力；60日强势；收入与利润同比下滑,33.97267359982667,114.84,53338946883.0,53338946883.0,634.45,341.28,18.31,36.45,83.3,1.21,-5.5407340855,-75.01,0.0456,0.7,3.2938968160745614,32.7638080637,2026-04-29 00:00:00,0.9191176470588236,0.9166666666666666,0.9166666666666666,0.3011049723756906
300884,狄耐克,计算机设备,HIGH_PRIORITY_CANDIDATE,3,60日强势；现金流/利润背离；小流通市值,33.9714777477256,12.91,3277369006.0,2471391742.0,54.69,74.61,2.55,16.73,-12.18,3.16,10.9159304315,1443.94,0.118,2.32,-2.459093353940678,37.1631045737,2026-08-26 00:00:00,0.6122448979591837,0.3780487804878049,0.963855421686747,0.8192771084337349
688025,杰普特,自动化设备,HIGH_PRIORITY_CANDIDATE,3,估值压力；高换手；现金流/利润背离,33.96101364522417,390.01,37070225464.0,37070225464.0,94.85,97.81,14.52,2.66,177.23,5.92,68.8631400537,105.25,2.06,8.02,0.3405486251635922,40.8046253294,2026-08-26 00:00:00,0.6842105263157895,0.9506172839506172,0.8395061728395061,0.9135802469135802
603082,北自科技,自动化设备,HIGH_PRIORITY_CANDIDATE,3,60日强势；高换手；小流通市值,33.95386614684861,41.98,6992739116.0,1702578662.0,69.92,47.84,4.07,22.39,15.62,8.44,4.0533756259,-34.33,0.31,2.97,1.1604210170387097,12.85776782,2026-08-25 00:00:00,0.5263157894736842,0.4320987654320987,0.9753086419753086,0.9506172839506172
002357,富临运业,铁路公路,HIGH_PRIORITY_CANDIDATE,3,60日强势；高换手；收入与利润同比下滑,33.951933124346915,11.06,3467188738.0,3467064313.0,13.23,20.31,1.96,7.59,3.66,1.55,-2.0844565943,-0.93,0.209,3.77,0.6104364430047847,13.7339523591,2026-04-29 00:00:00,0.5517241379310345,0.8484848484848485,0.9696969696969696,0.9090909090909092
688498,源杰科技,半导体,HIGH_PRIORITY_CANDIDATE,3,估值压力；60日强势；现金流/利润背离,33.933977900552485,1561.72,194434728768.0,191923119128.0,270.89,546.09,78.89,29.4,252.77,1.54,320.9399426311,1153.07,2.09,7.38,0.2207350782488038,77.8078616274,2026-04-28 00:00:00,0.875,1.0,0.9,0.3839779005524862
300335,迪森股份,电力,HIGH_PRIORITY_CANDIDATE,3,高换手；收入与利润同比下滑；小流通市值,33.92736214886976,5.58,2661729125.0,2143615947.0,28.35,66.02,1.39,-8.82,-1.41,3.64,-5.194757525,-7.2,0.1,2.46,1.3158543851099995,34.7418975485,2026-08-26 00:00:00,0.6701030927835051,0.3990825688073394,0.8165137614678899,0.9541284403669724
301377,鼎泰高科,通用设备,HIGH_PRIORITY_CANDIDATE,3,估值压力；60日强势；现金流/利润背离,33.92443767956826,396.1,167964198357.0,39158815957.0,123.66,176.25,53.78,15.05,185.79,1.64,114.8532705135,325.12,1.66,23.27,-0.0665876276192771,55.9236303489,2026-08-20 00:00:00,0.7529411764705882,0.9954545454545456,0.918918918918919,0.5807174887892377
000790,华神科技,中药Ⅱ,HIGH_PRIORITY_CANDIDATE,3,估值压力；现金流/利润背离；小流通市值,33.92418981481482,4.14,2582198167.0,2577740939.0,211.4,-9.95,3.58,7.25,6.98,1.53,-20.156948596,111.14,0.0098,0.85,-2.4615765271428574,43.4013812992,2026-08-24 00:00:00,0.9074074074074074,0.7777777777777778,0.765625,0.578125
301580,爱迪特,医疗器械,HIGH_PRIORITY_CANDIDATE,3,60日强势；高换手；现金流/利润背离,33.91873389175258,52.61,7848904366.0,5304339487.0,37.55,37.61,3.59,33.16,68.41,4.43,19.7528971062,13.55,0.7,4.77,0.3616528548628572,54.2956384641,2026-08-25 00:00:00,0.5257731958762887,0.7109375,0.9765625,0.9140625
300107,建新股份,化学制品,HIGH_PRIORITY_CANDIDATE,3,60日强势；高换手；小流通市值,33.892973856209146,6.94,3905708940.0,2413364659.0,40.79,264.78,2.57,9.98,1.76,8.43,51.4233572136,790.27,0.0851,3.2,0.5297831287779083,23.9691416096,2026-08-12 00:00:00,0.5347222222222222,0.5529411764705883,0.923529411764706,0.976470588235294
603396,金辰股份,光伏设备,HIGH_PRIORITY_CANDIDATE,3,高换手；现金流/利润背离；收入与利润同比下滑,33.88095238095238,28.44,3939721474.0,3939721474.0,58.72,77.2,1.51,-6.85,-14.85,2.85,-16.5629155761,-12.65,0.24,1.29,0.4540694154416667,23.5664031305,2026-08-26 00:00:00,0.6785714285714286,0.1967213114754098,0.8095238095238095,0.9047619047619048
300105,龙源技术,其他电源设备Ⅱ,HIGH_PRIORITY_CANDIDATE,3,60日强势；现金流/利润背离；收入与利润同比下滑,33.87675070028011,7.72,3982087322.0,3979595306.0,213.59,-72.89,2.23,24.92,10.13,1.51,-1.0327173367,-67.04,0.0181,0.51,-10.865751580110496,21.7531815758,2026-08-15 00:00:00,0.7619047619047619,0.2727272727272727,0.9705882352941176,0.4117647058823529
600667,太极实业,工程咨询服务Ⅱ,HIGH_PRIORITY_CANDIDATE,3,60日强势；高换手；现金流/利润背离,33.875,19.73,41266127172.0,41266127172.0,79.9,89.85,4.79,32.59,149.43,4.4,-0.9107242054,9.48,0.06,1.49,-2.9270632051166667,6.900597396,2026-04-24 00:00:00,0.5,0.925,0.975,0.925
002194,武汉凡谷,通信设备,HIGH_PRIORITY_CANDIDATE,3,估值压力；现金流/利润背离；收入与利润同比下滑,33.87198404785643,10.32,7051509518.0,5311158588.0,2892.69,-577.82,2.82,-10.34,-20.92,5.13,-5.2934966634,-31.23,0.0018,0.05,-59.44328502055556,18.6980218632,2026-08-26 00:00:00,0.9830508474576272,0.1411764705882353,0.5647058823529412,0.7764705882352941
002052,同洲电子,其他电源设备Ⅱ,HIGH_PRIORITY_CANDIDATE,3,估值压力；现金流/利润背离；收入与利润同比下滑,33.86834733893558,8.86,6666615689.0,6107970184.0,258.44,-669.77,23.77,-7.61,-30.51,1.66,-77.5347584099,-93.65,0.0171,4.63,-5.246199621695906,32.2436543951,2026-08-26 00:00:00,0.9047619047619048,0.9696969696969696,0.7647058823529411,0.5294117647058824
002837,英维克,专用设备,HIGH_PRIORITY_CANDIDATE,3,估值压力；高换手；现金流/利润背离,33.86048730076712,62.37,79654700200.0,70680184600.0,215.55,162.22,22.22,-7.59,-24.02,8.17,17.238676528,-14.32,0.15,5.19,0.3229737496,24.9339398164,2026-08-25 00:00:00,0.9136690647482014,0.9666666666666668,0.5303867403314917,0.9723756906077348
301168,通灵股份,光伏设备,HIGH_PRIORITY_CANDIDATE,3,估值压力；60日强势；收入与利润同比下滑,33.833333333333336,41.8,5016000000.0,3984097445.0,481.21,685.06,2.36,-0.12,-10.45,0.27,-48.7024843951,-87.52,0.02,0.12,20.70946764165,12.7132217554,2026-04-29 00:00:00,0.9642857142857144,0.5081967213114754,0.9206349206349206,0.0634920634920634
603468,津富士达,摩托车及其他,HIGH_PRIORITY_CANDIDATE,3,60日强势；高换手；小流通市值,33.83333333333333,23.98,9885076366.0,958926005.0,26.22,26.34,2.76,37.34,37.34,5.41,19.1265776408,-3.482446293,0.51,6.54,2.0448052528960785,13.2746563535,2026-08-05 00:00:00,0.4166666666666667,0.5625,1.0,1.0
688488,艾迪药业,生物制品,HIGH_PRIORITY_CANDIDATE,3,估值压力；现金流/利润背离；收入与利润同比下滑,33.81481481481481,15.89,6686238819.0,6686238819.0,219.76,-243.07,6.86,10.35,-2.69,1.34,-10.0259614305,-51.19,0.02,0.78,0.1062121363999999,67.5157647665,2026-04-30 00:00:00,0.9722222222222222,0.8518518518518519,0.7407407407407407,0.3888888888888889
603696,安记食品,调味发酵品Ⅱ,HIGH_PRIORITY_CANDIDATE,3,估值压力；高换手；现金流/利润背离,33.78571428571429,13.31,3130512000.0,3130512000.0,94.13,98.99,5.52,-0.3,-34.14,2.86,0.5258750013,33.05,0.07,2.93,-3.0527400498,20.0390792416,2026-08-25 00:00:00,0.9285714285714286,0.8571428571428571,0.5,0.9285714285714286
300375,鹏翎股份,汽车零部件,HIGH_PRIORITY_CANDIDATE,3,估值压力；收入与利润同比下滑；小流通市值,33.782235582924194,4.06,3102423901.0,2162569978.0,204.89,-14.76,1.5,-6.02,-22.81,0.87,-10.5952092653,-83.66,0.005,0.18,15.604866216,15.8942865124,2026-04-29 00:00:00,0.9187817258883249,0.1728395061728395,0.7377049180327869,0.4692622950819672
301314,科瑞思,通信设备,HIGH_PRIORITY_CANDIDATE,3,估值压力；现金流/利润背离；小流通市值,33.78205383848455,43.53,2405032500.0,794742968.0,588.26,136.27,2.31,-5.43,4.19,1.75,19.3330605352,-57.24,0.02,0.09,-3.1122094932,20.0754281058,2026-04-24 00:00:00,0.9322033898305084,0.1058823529411764,0.7529411764705882,0.4117647058823529
600287,苏豪时尚,贸易Ⅱ,HIGH_PRIORITY_CANDIDATE,3,现金流/利润背离；收入与利润同比下滑；小流通市值,33.77922077922078,4.9,2140300763.0,2140300763.0,89.08,93.71,0.94,-3.73,-10.26,0.5,-6.6173929532,-27.34,0.0138,0.26,-2.599997328188406,15.6366457757,2026-04-23 00:00:00,0.8181818181818182,0.2307692307692307,0.8571428571428571,0.4285714285714285
300865,大宏立,专用设备,HIGH_PRIORITY_CANDIDATE,3,60日强势；高换手；小流通市值,33.77284470765929,31.18,2983302400.0,1937564955.0,52.1,133.97,3.36,16.04,14.63,5.35,21.8091166008,217.47,0.2993,3.27,1.5050435708686936,35.8706679382,2026-08-25 00:00:00,0.4748201438848921,0.6277777777777778,0.9613259668508288,0.9005524861878453
002292,奥飞娱乐,文娱用品,HIGH_PRIORITY_CANDIDATE,3,60日强势；高换手；现金流/利润背离,33.76190476190476,8.15,12051402531.0,8295750370.0,34.59,57.64,3.98,9.84,-7.91,2.4,11.1289680737,370.7,0.119,5.78,0.3667522318571429,51.5892884582,2026-08-25 00:00:00,0.5,0.8095238095238095,0.9047619047619048,0.9523809523809524
688681,科汇股份,电网设备,HIGH_PRIORITY_CANDIDATE,3,估值压力；现金流/利润背离；小流通市值,33.75105204872647,17.07,1786716900.0,1786716900.0,174.78,35.72,2.97,1.25,-1.84,0.64,17.4633564541,533.8054089925,0.02,0.41,-2.72718703545,36.4036994235,2026-04-30 00:00:00,0.9142857142857144,0.5348837209302325,0.8837209302325582,0.1550387596899224
300591,万里马,服装家纺,HIGH_PRIORITY_CANDIDATE,3,估值压力；高换手；小流通市值,33.75,7.09,2876227079.0,2484653823.0,255.25,-21.23,16.82,-6.59,-28.53,3.19,36.0663602838,121.8,0.0069,1.67,15.834421457826087,27.9713625641,2026-04-25 00:00:00,0.9,0.9491525423728814,0.5,0.95
301225,恒勃股份,汽车零部件,HIGH_PRIORITY_CANDIDATE,3,高换手；现金流/利润背离；小流通市值,33.74536073895315,57.82,8331409905.0,2543385061.0,87.1,70.74,5.11,-10.29,-51.21,5.08,61.1604744793,-28.01,0.47,2.99,-0.8414833821106383,22.9846556183,2026-08-25 00:00:00,0.8071065989847716,0.8559670781893004,0.5778688524590164,0.9754098360655736
002398,垒知集团,水泥,HIGH_PRIORITY_CANDIDATE,3,高换手；收入与利润同比下滑；小流通市值,33.74308300395256,4.25,2925186201.0,2548897342.0,25.31,63.44,0.78,-3.63,-23.29,1.69,-10.2942742156,-12.18,0.08,1.59,2.5273485816,23.8782388707,2026-08-25 00:00:00,0.5454545454545454,0.391304347826087,0.8695652173913043,0.9130434782608696
603102,百合股份,食品加工,HIGH_PRIORITY_CANDIDATE,3,60日强势；高换手；小流通市值,33.741176470588236,41.83,2677120000.0,2677120000.0,21.56,22.57,1.61,14.98,-2.65,6.09,19.8090971798,-13.64,1.0,3.62,0.898137157813,36.8806463408,2026-08-10 00:00:00,0.4705882352941176,0.28,0.92,0.96
001206,依依股份,个护用品,HIGH_PRIORITY_CANDIDATE,3,现金流/利润背离；收入与利润同比下滑；小流通市值,33.73076923076923,16.49,3048898894.0,1762194912.0,27.65,22.43,1.66,-1.67,-43.51,2.62,-4.9162079522,-46.06,0.3,2.92,0.4284129799866667,16.7291375945,2026-08-26 00:00:00,0.75,0.4230769230769231,0.6923076923076923,0.8461538461538461
603399,永杉锂业,能源金属,HIGH_PRIORITY_CANDIDATE,3,估值压力；高换手；现金流/利润背离,33.72727272727273,14.95,7658745203.0,7658745203.0,14.45,-44.7,4.73,-12.27,43.89,7.56,90.1739536708,549.2412322595,0.26,8.53,-2.772274666438461,16.8647847925,2026-04-28 00:00:00,0.5454545454545454,1.0,0.8181818181818182,1.0
300426,华智数媒,影视院线,HIGH_PRIORITY_CANDIDATE,3,60日强势；现金流/利润背离；小流通市值,33.71401515151515,6.34,2855427015.0,2536000000.0,33.52,-9.87,18.56,1.44,-17.88,2.18,21.5264700497,160.73,0.0946,32.37,0.0259584516173361,85.2843975914,2026-08-10 00:00:00,0.4403409090909091,0.9411764705882352,1.0,0.8333333333333334
301232,飞沃科技,风电设备,HIGH_PRIORITY_CANDIDATE,3,估值压力；高换手；现金流/利润背离,33.7,95.45,10049591175.0,5974533444.0,557.08,223.5,7.09,-25.37,-20.71,3.13,32.1889068558,269.18,0.06,0.32,-13.526409644083332,15.9078948551,2026-04-24 00:00:00,1.0,1.0,0.3666666666666666,0.9666666666666668
603137,恒尚节能,装修装饰Ⅱ,HIGH_PRIORITY_CANDIDATE,3,60日强势；高换手；收入与利润同比下滑,33.69256690279417,21.97,4019045348.0,4019045348.0,27.75,-86.67,3.36,78.04,59.9,4.08,-42.5648687192,-23.87,0.2,3.07,3.0819851328999994,16.5681456413,2026-04-28 00:00:00,0.3700929752066115,0.3157894736842105,1.0,0.9523809523809524
600664,哈药股份,化学制药,HIGH_PRIORITY_CANDIDATE,3,60日强势；高换手；现金流/利润背离,33.688613746817865,8.2,20651780983.0,20651780983.0,25.17,40.32,3.38,146.25,137.68,6.09,2.1041266381,57.99,0.16,6.96,-0.1148168564624999,26.3798178529,2026-08-26 00:00:00,0.3879310344827586,0.6073825503355704,1.0,0.912751677852349
300411,金盾股份,专用设备,HIGH_PRIORITY_CANDIDATE,3,估值压力；收入与利润同比下滑；小流通市值,33.6820819587424,7.83,3183051655.0,2420374365.0,266.69,998.6,3.3,-6.23,-32.44,1.37,-37.0331400742,-71.43,0.0073,0.31,8.48798393260274,24.8726596145,2026-04-28 00:00:00,0.9280575539568344,0.6111111111111112,0.6160220994475138,0.5939226519337016
300604,长川科技,半导体,HIGH_PRIORITY_CANDIDATE,3,估值压力；60日强势；现金流/利润背离,33.68176434478027,276.5,178503476641.0,135338851778.0,126.58,113.49,21.98,33.24,173.19,2.33,69.0854419545,217.6,0.5571,7.17,-0.5923878568174474,56.8082975489,2026-04-25 00:00:00,0.6176470588235294,0.95,0.9055555555555556,0.6353591160220995
301578,辰奕智能,黑色家电,HIGH_PRIORITY_CANDIDATE,3,估值压力；现金流/利润背离；小流通市值,33.678636197139,23.1,2447006285.0,695792097.0,243.86,357.43,2.66,-5.75,-10.43,2.4,12.6829500161,-78.79,0.05,0.53,-2.40839784136,16.2659766207,2026-08-26 00:00:00,0.9106404958677686,0.5015458937198067,0.5313513513513514,0.7946525027007562
603161,科华控股,汽车零部件,HIGH_PRIORITY_CANDIDATE,3,60日强势；现金流/利润背离；收入与利润同比下滑,33.67402429890988,15.79,3539507764.0,3011922763.0,56.38,40.41,1.95,10.57,16.45,0.78,-5.0360846443,-38.71,0.08,1.03,-6.3327422555125,17.2000124087,2026-04-30 00:00:00,0.6751269035532995,0.3209876543209876,0.9672131147540984,0.3893442622950819
300746,汉嘉数智,工程咨询服务Ⅱ,HIGH_PRIORITY_CANDIDATE,3,60日强势；现金流/利润背离；收入与利润同比下滑,33.65384615384615,13.88,3133247993.0,3102810846.0,97.89,45.03,3.8,25.84,9.55,1.36,-19.8699915984,-21.78,0.04,1.0,-4.358279025825,24.4808383521,2026-04-28 00:00:00,0.5769230769230769,0.8,0.95,0.6
000757,浩物股份,汽车服务,HIGH_PRIORITY_CANDIDATE,3,60日强势；收入与利润同比下滑；小流通市值,33.65161871813945,4.49,2391895267.0,2391895267.0,63.95,66.41,1.48,11.69,-7.8,1.15,-30.8113719081,-38.55,0.0358,1.16,8.684230982960894,14.8867396719,2026-08-21 00:00:00,0.6481146694214877,0.1989371980676328,0.9165765765765764,0.5222362261433201
300805,电声股份,广告营销,HIGH_PRIORITY_CANDIDATE,3,估值压力；现金流/利润背离；小流通市值,33.650000000000006,8.0,3395537216.0,2306810816.0,327.91,103.04,2.19,-6.65,-23.95,1.23,19.2443173158,-40.31,0.01,0.17,-27.7823736272,9.2480069599,2026-04-28 00:00:00,0.9,0.3,0.7,0.45
002873,新天药业,中药Ⅱ,HIGH_PRIORITY_CANDIDATE,3,估值压力；收入与利润同比下滑；小流通市值,33.64872685185185,8.64,2109056884.0,2070926335.0,216.92,256.99,1.65,1.05,-12.64,2.48,-7.385335446,-15.69,0.0206,0.39,21.882838928155337,73.0232374101,2026-08-26 00:00:00,0.925925925925926,0.2857142857142857,0.5,0.796875
300870,欧陆通,其他电源设备Ⅱ,HIGH_PRIORITY_CANDIDATE,3,估值压力；高换手；现金流/利润背离,33.61764705882353,216.9,33108384260.0,33104740340.0,2047.44,279.67,12.76,-20.14,37.59,3.69,18.323088559,-93.95,0.05,0.3,-12.53160180074,17.9217360209,2026-08-26 00:00:00,1.0,0.9393939393939394,0.3529411764705882,0.9117647058823528
688519,南亚新材,元件,HIGH_PRIORITY_CANDIDATE,3,估值压力；60日强势；现金流/利润背离,33.602977667493796,288.24,67788410602.0,67788410602.0,112.88,183.54,24.07,20.64,257.84,1.45,92.3628096419,610.83,0.66,5.08,-0.4267867873090909,15.1965434202,2026-04-28 00:00:00,0.7692307692307693,1.0,0.9032258064516128,0.2580645161290322
601020,华钰矿业,工业金属,HIGH_PRIORITY_CANDIDATE,3,估值压力；现金流/利润背离；收入与利润同比下滑,33.59649122807018,22.51,18457405352.0,18457405352.0,151.01,21.57,4.36,-10.0,-15.94,3.12,-15.1225693006,-33.07,0.04,0.7,-5.316470414375,56.7895104654,2026-04-29 00:00:00,1.0,0.8596491228070176,0.4210526315789473,0.7543859649122807
300562,乐心医疗,医疗器械,HIGH_PRIORITY_CANDIDATE,3,60日强势；高换手；小流通市值,33.59165592783505,15.72,3441488235.0,2629622469.0,28.66,34.5,3.06,27.39,19.09,5.66,2.5063945595,41.96,0.2748,5.54,1.0242807391557498,36.3028502944,2026-08-25 00:00:00,0.3505154639175257,0.62109375,0.9609375,0.96875
603200,上海洗霸,环境治理,HIGH_PRIORITY_CANDIDATE,3,估值压力；高换手；现金流/利润背离,33.564502164502166,42.69,7491245597.0,7491245597.0,1007.06,91.36,6.84,-11.76,-39.97,10.0,8.6708789825,-81.08,0.0106,0.17,-12.333769909811322,31.5469547348,2026-04-29 00:00:00,0.987012987012987,0.9411764705882352,0.2952380952380952,1.0
600368,五洲交通,铁路公路,HIGH_PRIORITY_CANDIDATE,3,60日强势；高换手；收入与利润同比下滑,33.56008359456635,4.21,6776642742.0,6776642742.0,10.79,12.23,0.93,9.35,11.38,2.14,-8.5259571379,-0.75,0.195,4.28,1.2670308274358977,59.7028814559,2026-08-22 00:00:00,0.3103448275862069,0.3939393939393939,1.0,0.9393939393939394
301015,百洋医药,医药商业,HIGH_PRIORITY_CANDIDATE,3,估值压力；60日强势；现金流/利润背离,33.55925925925926,24.63,12946121017.0,12944458492.0,26.11,25.21,5.91,17.23,6.95,0.82,-3.0988504126,45.79,0.24,5.11,0.181663629425,39.4790639109,2026-04-29 00:00:00,0.6296296296296297,0.9666666666666668,0.9333333333333332,0.4333333333333333
300077,国民技术,半导体,HIGH_PRIORITY_CANDIDATE,3,估值压力；高换手；现金流/利润背离,33.55824215505723,20.22,13711721874.0,11272813277.0,1552.88,-184.74,7.8,-13.52,0.0,4.89,43.3922675072,112.0,0.01,0.33,-40.3130162254,20.6526535772,2026-08-22 00:00:00,0.9705882352941176,0.6333333333333333,0.3444444444444444,0.9281767955801103
002980,华盛昌,电网设备,HIGH_PRIORITY_CANDIDATE,3,估值压力；高换手；现金流/利润背离,33.55215946843854,93.85,17682393372.0,9505767963.0,117.59,146.42,14.95,-16.3,345.42,5.99,37.0934652756,72.94,0.4,6.53,0.3792237718975,39.7816561303,2026-08-26 00:00:00,0.8380952380952381,0.9767441860465116,0.4651162790697674,0.9457364341085271
688727,恒坤新材,半导体,HIGH_PRIORITY_CANDIDATE,3,高换手；现金流/利润背离；小流通市值,33.53539703174088,49.84,22394088864.0,2692767731.0,133.17,159.65,8.66,0.48,4.33,4.81,15.9829870372,102.11,0.19,3.3,0.2727022996789474,52.4577086402,2026-08-26 00:00:00,0.6397058823529411,0.6722222222222223,0.6666666666666666,0.9226519337016574
001325,元创股份,橡胶,HIGH_PRIORITY_CANDIDATE,3,高换手；现金流/利润背离；小流通市值,33.53393665158371,40.91,3207344000.0,801836000.0,31.35,20.28,1.8,2.51,-15.75,9.64,10.4346120266,1.27,0.33,1.41,-1.4839605886666665,20.7664740094,2026-04-30 00:00:00,0.3846153846153846,0.4117647058823529,0.8823529411764706,1.0
002247,聚力文化,装修建材,HIGH_PRIORITY_CANDIDATE,3,高换手；现金流/利润背离；小流通市值,33.51082251082251,2.45,2084631620.0,1576472460.0,67.71,52.09,3.03,-3.92,-12.81,2.47,0.5465629461,-34.92,0.0181,2.27,-1.190024576353591,21.6541342476,2026-08-21 00:00:00,0.6190476190476191,0.6451612903225806,0.6666666666666666,0.9393939393939394
301208,中亦科技,IT服务Ⅱ,HIGH_PRIORITY_CANDIDATE,3,60日强势；现金流/利润背离；小流通市值,33.50577777777778,30.6,3672001836.0,2063078316.0,79.77,66.22,2.35,3.1,-22.63,2.01,74.7062674071,4.25,0.1918,1.47,-13.999149949504693,18.7454895036,2026-08-15 00:00:00,0.3888888888888889,0.2355371900826446,0.96,0.808
300405,科隆股份,化学制品,HIGH_PRIORITY_CANDIDATE,3,估值压力；现金流/利润背离；小流通市值,33.505718954248366,5.81,1652205219.0,1271363716.0,337.8,-37.12,4.24,-8.65,-8.93,1.91,31.3792199153,107.9,0.0043,0.31,-27.32817779790697,12.7416954316,2026-04-29 00:00:00,0.9513888888888888,0.8470588235294118,0.4647058823529412,0.6735294117647059
601083,锦江航运,航运港口,HIGH_PRIORITY_CANDIDATE,3,60日强势；高换手；小流通市值,33.48841354723707,13.0,16823560000.0,2523560000.0,12.55,11.38,1.89,19.27,23.22,9.13,3.9682631019,-6.02,0.26,3.51,2.049277596446154,28.4732065176,2026-04-30 00:00:00,0.303030303030303,0.7941176470588235,0.9411764705882352,1.0
600475,华光环能,电力,HIGH_PRIORITY_CANDIDATE,3,60日强势；现金流/利润背离；收入与利润同比下滑,33.48018537784924,15.25,14578477367.0,14379007367.0,25.85,37.97,1.7,1.73,-14.9,0.48,-18.784662123,-1.24,0.2987,3.3,0.0367483704285236,22.3495749541,2026-08-26 00:00:00,0.6391752577319587,0.5504587155963303,0.9357798165137616,0.3302752293577982
301083,百胜智能,专用设备,HIGH_PRIORITY_CANDIDATE,3,估值压力；现金流/利润背离；小流通市值,33.47432330378791,14.01,2491912005.0,1218084277.0,230.15,135.1,3.0,-7.22,-25.72,1.13,4.4389231516,-69.01,0.0304,0.65,-1.2246838889144738,22.6719251729,2026-08-24 00:00:00,0.920863309352518,0.5722222222222222,0.56353591160221,0.505524861878453
300694,蠡湖股份,汽车零部件,HIGH_PRIORITY_CANDIDATE,3,60日强势；现金流/利润背离；小流通市值,33.456072647083296,10.68,2318311616.0,2315508116.0,42.27,17.0,1.54,1.23,-11.0,0.83,-7.7966637378,99.3,0.13,1.82,-0.2032568662615384,18.7170172109,2026-08-21 00:00:00,0.6040609137055838,0.1893004115226337,0.9057377049180328,0.4364754098360656
301126,达嘉维康,医药商业,HIGH_PRIORITY_CANDIDATE,3,估值压力；现金流/利润背离；小流通市值,33.45185185185185,10.28,2111544896.0,1417285805.0,88.5,-8.81,1.41,0.88,-16.35,1.56,6.4917220576,89.7,0.03,0.4,-11.0310422736,17.2251534324,2026-04-28 00:00:00,0.925925925925926,0.5666666666666667,0.5,0.6
002088,鲁阳节能,装修建材,HIGH_PRIORITY_CANDIDATE,3,估值压力；现金流/利润背离；收入与利润同比下滑,33.430735930735935,8.45,4304769572.0,4275401149.0,369.14,-302.69,1.81,-1.63,-16.91,0.38,-21.0548299712,-95.14,0.01,0.12,-6.897900004,19.9391304374,2026-04-29 00:00:00,0.9047619047619048,0.4516129032258064,0.7878787878787878,0.0454545454545454
301209,联合化学,化学制品,HIGH_PRIORITY_CANDIDATE,3,估值压力；现金流/利润背离；收入与利润同比下滑,33.41503267973856,57.35,8992480000.0,7682388070.0,770.96,363.81,12.0,-10.17,-28.75,1.65,-2.5725336114,-82.72,0.0372,0.76,0.1601648082526882,19.9809957871,2026-08-26 00:00:00,0.9722222222222222,0.976470588235294,0.4176470588235294,0.6352941176470588
000560,我爱我家,房地产服务,HIGH_PRIORITY_CANDIDATE,3,估值压力；高换手；收入与利润同比下滑,33.40768890200708,2.43,5723867068.0,5682399951.0,262.52,-58.74,0.62,-10.66,-16.78,7.33,-23.4493364238,-13.07,0.0023,0.06,107.9577783547826,11.7527063248,2026-04-30 00:00:00,0.9181301652892562,0.0769230769230769,0.2857142857142857,1.0
688056,莱伯泰科,通用设备,HIGH_PRIORITY_CANDIDATE,3,60日强势；现金流/利润背离；收入与利润同比下滑,33.40622764679741,41.51,2799951615.0,2799951615.0,105.86,81.77,3.49,22.41,24.06,0.68,-12.4146634778,-48.21,0.1,0.81,-2.84302924015,47.0636211727,2026-04-29 00:00:00,0.6764705882352942,0.5318181818181819,0.9414414414414416,0.1704035874439461
300549,优德精密,专用设备,HIGH_PRIORITY_CANDIDATE,3,估值压力；收入与利润同比下滑；小流通市值,33.39329862077189,14.52,1936096800.0,1467306258.0,702.89,361.07,3.55,-7.04,-22.81,0.73,-9.9391782581,-78.77,0.0052,0.13,22.06560931576923,27.8937490523,2026-04-23 00:00:00,0.9784172661870504,0.6527777777777778,0.569060773480663,0.2983425414364641
300251,光线传媒,影视院线,HIGH_PRIORITY_CANDIDATE,3,估值压力；现金流/利润背离；收入与利润同比下滑,33.39009412304867,10.91,32005449793.0,30036774954.0,484.8,-61.06,3.37,-12.09,-32.78,0.52,-89.9976293665,-98.52,0.01,0.33,-4.5523193831,39.5761754296,2026-08-26 00:00:00,0.9589359504132232,0.4705882352941176,0.6666666666666666,0.1388888888888889
002953,日丰股份,电网设备,HIGH_PRIORITY_CANDIDATE,3,60日强势；高换手；现金流/利润背离,33.38183831672204,10.91,5363133960.0,3068860459.0,29.95,34.22,2.46,5.0,-4.13,5.77,18.0994240004,-3.4,0.0917,2.03,-2.282850815736096,10.7471081208,2026-04-24 00:00:00,0.2761904761904762,0.3062015503875969,0.9457364341085271,0.937984496124031
301112,信邦智能,自动化设备,HIGH_PRIORITY_CANDIDATE,3,估值压力；现金流/利润背离；收入与利润同比下滑,33.38044184535413,30.85,3401724610.0,3401724610.0,482.88,-39.46,3.05,-4.46,-21.68,0.36,-21.4183599494,-85.14,0.02,0.16,-6.99112817935,27.6361582672,2026-04-29 00:00:00,0.9649122807017544,0.2716049382716049,0.691358024691358,0.0679012345679012
001277,速达股份,专用设备,HIGH_PRIORITY_CANDIDATE,3,高换手；现金流/利润背离；小流通市值,33.37596883818911,31.73,2411480000.0,1445285286.0,41.96,26.82,1.56,-1.67,-18.97,13.82,45.0339768569,30.4,0.189,0.92,-6.824472729042329,17.4492905117,2026-04-28 00:00:00,0.4172661870503597,0.1333333333333333,0.7734806629834254,0.994475138121547
301552,科力装备,汽车零部件,HIGH_PRIORITY_CANDIDATE,3,高换手；收入与利润同比下滑；小流通市值,33.375426479154534,25.24,3123702400.0,780925600.0,30.31,25.2,2.74,-3.3,-10.08,3.18,-6.8395022762,-37.76,0.42,4.32,0.884632958952381,36.0524338505,2026-08-26 00:00:00,0.4213197969543147,0.5720164609053497,0.8114754098360656,0.9098360655737704
601568,北元化工,化学原料,HIGH_PRIORITY_CANDIDATE,3,估值压力；现金流/利润背离；收入与利润同比下滑,33.36330140014738,3.83,15213611118.0,15213611118.0,185.67,371.13,1.36,1.32,4.36,0.35,-9.1323556052,-76.67,0.005,0.18,-3.8194584624,10.721550734,2026-04-23 00:00:00,0.9782608695652174,0.3728813559322034,0.6440677966101694,0.1186440677966101
002677,浙江美大,厨卫电器,HIGH_PRIORITY_CANDIDATE,3,估值压力；现金流/利润背离；收入与利润同比下滑,33.36150279062725,6.95,4490058947.0,3832993458.0,385.77,674.35,3.07,-3.87,-16.57,0.62,-25.585434462,-62.66,0.0045,0.2,-0.0474780515555555,35.2009938679,2026-04-30 00:00:00,0.9467975206611572,0.5741062801932367,0.594954954954955,0.2779978393950306
300017,网宿科技,IT服务Ⅱ,HIGH_PRIORITY_CANDIDATE,3,60日强势；高换手；收入与利润同比下滑,33.35555555555556,15.15,37809624372.0,35852014485.0,54.34,48.79,3.71,1.47,51.5,4.36,-1.3807909051,-6.61,0.1415,3.24,1.0329679378091874,35.9188599151,2026-08-15 00:00:00,0.2777777777777778,0.5206611570247934,0.928,0.944
600479,千金药业,中药Ⅱ,HIGH_PRIORITY_CANDIDATE,3,60日强势；高换手；现金流/利润背离,33.34837962962963,11.02,5424154376.0,4611948429.0,15.0,15.98,1.79,12.22,12.68,4.94,5.5170931912,41.59,0.3674,5.8,0.2934441331654872,49.6800210361,2026-08-26 00:00:00,0.3148148148148148,0.3492063492063492,0.90625,0.90625
301336,趣睡科技,家居用品,HIGH_PRIORITY_CANDIDATE,3,现金流/利润背离；收入与利润同比下滑；小流通市值,33.334384384384386,41.34,2145733684.0,1660459381.0,66.47,73.89,2.58,-1.2,4.37,0.83,-42.7657181237,-15.75,0.2,0.96,-0.2346484387499999,30.2988356414,2026-04-29 00:00:00,0.7111111111111111,0.589041095890411,0.7432432432432432,0.4256756756756756
003042,中农联合,农化制品,HIGH_PRIORITY_CANDIDATE,3,估值压力；现金流/利润背离；小流通市值,33.32834828846793,14.24,2028915200.0,1755806169.0,253.88,-14.63,1.66,-8.31,-11.33,3.61,23.6560045672,-50.78,0.01,0.16,-69.6434553832,13.0304849694,2026-04-29 00:00:00,0.9607843137254902,0.4067796610169492,0.2542372881355932,0.8983050847457628
688169,石头科技,小家电,HIGH_PRIORITY_CANDIDATE,3,60日强势；高换手；现金流/利润背离,33.3125,133.26,34587781985.0,34587781985.0,17.53,20.68,2.38,26.3,-12.06,4.24,27.6013466735,45.6,3.83,6.86,0.4006992240357702,43.2608063463,2026-08-25 00:00:00,0.15625,0.4,1.0,1.0
002319,乐通股份,化学制品,HIGH_PRIORITY_CANDIDATE,3,估值压力；现金流/利润背离；小流通市值,33.30686274509804,10.91,2285345084.0,2285345084.0,170.61,-5763.16,12.66,-10.87,-9.39,1.89,18.4917656656,327.89,0.032,3.81,-0.35964379346875,19.9104519317,2026-08-25 00:00:00,0.9166666666666666,0.9823529411764704,0.4058823529411764,0.6617647058823529
301486,致尚科技,消费电子,HIGH_PRIORITY_CANDIDATE,3,估值压力；高换手；现金流/利润背离,33.28888888888889,169.58,21839985202.0,12363081009.0,952.43,-286.51,8.43,-30.37,36.7,5.77,32.4105817932,-93.69,0.09,0.45,-12.740724879811111,30.2983236342,2026-08-26 00:00:00,1.0,0.8666666666666667,0.1888888888888888,0.9111111111111112
688613,奥精医疗,医疗器械,HIGH_PRIORITY_CANDIDATE,3,估值压力；现金流/利润背离；小流通市值,33.26345038659794,15.7,2151034769.0,2151034769.0,381.13,151.39,1.5,-5.99,-22.58,0.85,14.6496088867,35.47,0.01,0.1,-22.7538086738,60.9429499003,2026-04-29 00:00:00,0.979381443298969,0.2265625,0.421875,0.4609375
000953,中哲精化,化学制药,HIGH_PRIORITY_CANDIDATE,3,估值压力；收入与利润同比下滑；小流通市值,33.261744966442954,6.17,2258973943.0,2258973943.0,1425.81,649.3,14.61,-2.68,-14.54,2.04,-5.2434457568,-79.36,0.0022,0.51,6.855514144090908,13.8684550634,2026-08-26 00:00:00,1.0,0.9328859060402684,0.3221476510067114,0.6174496644295302
001227,兰州银行,银行Ⅱ,HIGH_PRIORITY_CANDIDATE,3,高换手；现金流/利润背离；收入与利润同比下滑,33.238095238095234,2.17,12359662855.0,9151975067.0,5.81,6.72,0.4,2.84,-3.13,1.19,-0.2032894988,-4.79,0.0934,1.74,-3.2362256842291224,,2026-04-28 00:00:00,0.6666666666666666,0.1904761904761904,0.5,0.9047619047619048
300922,天秦装备,地面兵装Ⅱ,HIGH_PRIORITY_CANDIDATE,3,高换手；收入与利润同比下滑；小流通市值,33.236570247933884,19.03,3061020791.0,2402082854.0,170.48,87.55,3.1,-19.23,-16.06,13.36,-50.6294598772,-45.12,0.0566,0.91,4.698232028233217,35.0633564639,2026-08-25 00:00:00,0.8682851239669421,0.5833333333333334,0.25,1.0
001279,强邦新材,包装印刷,HIGH_PRIORITY_CANDIDATE,3,估值压力；现金流/利润背离；小流通市值,33.233467741935485,25.68,4108800000.0,1027200000.0,158.82,104.44,4.12,-11.11,-24.74,1.27,14.990235564,-68.68,0.0404,0.64,-18.238177517029705,7.6813029496,2026-04-28 00:00:00,0.935483870967742,0.825,0.325,0.7125
688175,高凌信息,军工电子Ⅱ,HIGH_PRIORITY_CANDIDATE,3,估值压力；高换手；现金流/利润背离,33.233333333333334,20.92,3516905132.0,3516905132.0,803.56,-528.43,2.06,-28.6,-15.3,2.56,-3.7000476694,106.62,0.01,0.13,-30.7737057416,41.1446904034,2026-08-26 00:00:00,0.9666666666666668,0.0666666666666666,0.1666666666666666,0.9666666666666668
002377,国创高新,炼化及贸易,HIGH_PRIORITY_CANDIDATE,3,估值压力；现金流/利润背离；小流通市值,33.22962962962963,2.78,2547384059.0,2425335025.0,93.26,112.63,6.41,-4.47,-2.8,1.52,232.4641930437,72.32,0.0075,1.73,-7.269868212133334,4.6635936057,2026-04-29 00:00:00,0.8148148148148148,0.9666666666666668,0.4,0.8
603284,林平发展,造纸,HIGH_PRIORITY_CANDIDATE,3,60日强势；高换手；小流通市值,33.22705314009662,43.73,3297889204.0,824472301.0,14.17,15.68,1.47,5.58,17.36,8.34,41.1260315457,27.33,1.68,5.78,0.6911839798184525,9.2619766935,2026-08-18 00:00:00,0.2222222222222222,0.5652173913043478,0.9130434782608696,0.9565217391304348
000796,凯撒旅业,旅游及景区,HIGH_PRIORITY_CANDIDATE,3,估值压力；高换手；现金流/利润背离,33.224761904761905,4.16,6671761891.0,5535969650.0,595.14,188.76,7.35,-8.57,-42.22,8.52,39.427244689,161.71,0.0017,0.31,-22.47280940529412,21.6205689362,2026-04-29 00:00:00,0.9523809523809524,0.9583333333333334,0.16,1.0
301081,严牌股份,环保设备Ⅱ,HIGH_PRIORITY_CANDIDATE,3,估值压力；高换手；现金流/利润背离,33.22,14.06,3286011599.0,3156224161.0,277.86,406.31,2.92,-26.81,39.48,2.85,28.9066267787,-75.82,0.01,0.27,-9.3042997405,26.1999728357,2026-04-28 00:00:00,1.0,0.7083333333333334,0.16,0.9
300083,创世纪,自动化设备,HIGH_PRIORITY_CANDIDATE,3,60日强势；高换手；现金流/利润背离,33.21702404158544,13.36,22242564189.0,19941704989.0,36.94,105.35,3.77,34.54,45.06,6.25,31.2577737884,29.11,0.18,5.58,-1.009175838188889,24.0937584085,2026-08-26 00:00:00,0.1578947368421052,0.382716049382716,0.9876543209876544,0.925925925925926
300947,德必集团,一般零售,HIGH_PRIORITY_CANDIDATE,3,估值压力；收入与利润同比下滑；小流通市值,33.20918367346938,14.43,2180916953.0,2180092250.0,298.16,-35.07,1.84,-4.88,-28.35,0.69,-0.8570977916,-54.14,0.02,0.31,109.8547721774,28.180372458,2026-07-31 00:00:00,0.979591836734694,0.6379310344827587,0.5,0.25
603588,高能环境,环境治理,HIGH_PRIORITY_CANDIDATE,3,60日强势；高换手；现金流/利润背离,33.201731601731595,14.76,22482940585.0,22482940585.0,11.0,16.56,2.16,15.4,93.7,5.1,54.0155208839,103.37,0.679,10.139,-0.5866949713622975,20.809941729,2026-08-18 00:00:00,0.1818181818181818,0.5686274509803921,0.9428571428571428,0.9523809523809524
603257,中国瑞林,工程咨询服务Ⅱ,HIGH_PRIORITY_CANDIDATE,3,高换手；现金流/利润背离；小流通市值,33.19230769230769,66.5,7980000000.0,1655850000.0,38.74,40.11,3.18,6.15,13.1,8.08,7.237077604,271.59,0.43,2.03,-2.6822378031,36.5477450276,2026-04-28 00:00:00,0.3461538461538461,0.725,0.775,0.95
001255,博菲电气,塑料,HIGH_PRIORITY_CANDIDATE,3,估值压力；现金流/利润背离；小流通市值,33.16974259349199,26.58,2312677531.0,2052342379.0,1117.96,295.74,2.51,-14.06,-16.91,1.15,33.8473955303,-87.95,0.01,0.11,-32.361251201399995,26.3752699004,2026-08-25 00:00:00,0.9827586206896552,0.3571428571428571,0.4366197183098591,0.3309859154929577
603860,中公高科,工程咨询服务Ⅱ,HIGH_PRIORITY_CANDIDATE,3,估值压力；现金流/利润背离；小流通市值,33.146153846153844,26.54,1769687200.0,1769687200.0,648.58,37.93,2.14,-6.58,-11.42,0.71,-1.6984648802,281.4336625729,0.01,0.08,-67.52939542589999,46.7005201368,2026-04-30 00:00:00,0.9230769230769232,0.5,0.5,0.3
301513,尚水智能,电池,HIGH_PRIORITY_CANDIDATE,3,估值压力；高换手；小流通市值,33.13493840985442,47.37,4737000000.0,954457609.0,106.1,55.81,3.64,-29.38,80.87,5.46,58.3828522703,-76.18,0.27,2.37,13.050234882962965,21.6271928382,2026-08-26 00:00:00,0.9078947368421052,0.6702127659574468,0.202127659574468,0.9148936170212766
002613,北玻股份,玻璃玻纤,HIGH_PRIORITY_CANDIDATE,3,估值压力；收入与利润同比下滑；小流通市值,33.13333333333333,3.5,3851990422.0,2707851706.0,558.67,364.61,1.74,-26.78,-5.91,1.51,-23.5809280705,-92.34,0.0016,0.08,59.112052453125,27.610145436,2026-04-29 00:00:00,1.0,0.4666666666666667,0.2,0.7333333333333333
300987,川网传媒,数字媒体,HIGH_PRIORITY_CANDIDATE,3,现金流/利润背离；收入与利润同比下滑；小流通市值,33.13333333333333,13.56,2350870080.0,2350870080.0,270.74,116.5,2.99,-4.98,-18.75,0.98,-8.2634436602,-17.14,0.01,0.27,-8.768022547400001,28.556050588,2026-04-24 00:00:00,0.7,0.2,0.6666666666666666,0.4
002942,新农股份,农化制品,HIGH_PRIORITY_CANDIDATE,3,高换手；现金流/利润背离；小流通市值,33.12429378531073,17.28,2686706842.0,2397739674.0,14.57,26.92,2.21,2.86,-8.18,3.98,13.105556262,10.52,0.3,3.69,-0.2662361741866667,32.5644113599,2026-04-22 00:00:00,0.3333333333333333,0.6610169491525424,0.7627118644067796,0.9322033898305084
000798,中水渔业,渔业,HIGH_PRIORITY_CANDIDATE,3,60日强势；高换手；现金流/利润背离,33.10730256405008,9.36,3424437544.0,3424226944.0,16.73,34.31,6.27,12.36,-11.53,4.04,18.916748203,18.6,0.2798,20.91,-0.170713684235168,5.4851608922,2026-08-21 00:00:00,0.1809142561983471,0.8408695652173913,0.9203603603603604,0.9047533309326612
688300,联瑞新材,非金属材料Ⅱ,HIGH_PRIORITY_CANDIDATE,3,估值压力；高换手；现金流/利润背离,33.1018561202274,154.85,37391504072.0,37391504072.0,125.46,123.4,21.57,-15.39,151.42,6.21,21.2056258637,7.48,0.62,8.26,0.3881764798290322,38.0441698234,2026-08-15 00:00:00,0.81275826446281,0.9731400966183577,0.2612612612612612,0.9538170687792582
688663,新风光,电网设备,HIGH_PRIORITY_CANDIDATE,3,估值压力；现金流/利润背离；收入与利润同比下滑,33.10143964562569,54.23,10696758172.0,10696758172.0,638.94,149.59,7.89,-15.07,96.13,0.69,-44.8084998618,-85.1,0.03,0.3,-44.72780161243334,29.277868642,2026-04-25 00:00:00,0.9809523809523808,0.9069767441860463,0.4728682170542636,0.1937984496124031
301093,华兰股份,医疗器械,HIGH_PRIORITY_CANDIDATE,3,估值压力；现金流/利润背离；收入与利润同比下滑,33.0859375,77.25,16464398564.0,15719140313.0,6751.59,388.26,7.5,-13.41,96.72,1.96,-11.0044277766,-96.68,0.004,0.03,-7.74945736825,37.2206295779,2026-04-24 00:00:00,1.0,0.9453125,0.1484375,0.7890625
000548,湖南投资,铁路公路,HIGH_PRIORITY_CANDIDATE,3,现金流/利润背离；收入与利润同比下滑；小流通市值,33.05747126436781,4.56,2276424098.0,2276424098.0,36.84,60.35,1.11,-5.2,-15.71,0.7,-24.6181664783,-21.96,0.03,0.75,-0.4483172769666667,52.1900273574,2026-04-25 00:00:00,0.8620689655172413,0.5757575757575758,0.3333333333333333,0.6666666666666666
002526,山东矿机,专用设备,HIGH_PRIORITY_CANDIDATE,3,估值压力；现金流/利润背离；收入与利润同比下滑,33.054553042648756,2.75,4902683049.0,4870894705.0,390.23,161.15,1.52,-11.58,-23.4,0.87,-20.0531188231,-93.62,0.0035,0.19,-17.402118143714286,23.0988492974,2026-08-20 00:00:00,0.9568345323741008,0.1166666666666666,0.3867403314917127,0.3674033149171271
603205,健尔康,医疗器械,HIGH_PRIORITY_CANDIDATE,3,高换手；收入与利润同比下滑；小流通市值,33.052835051546396,23.24,3625440000.0,960741600.0,32.98,32.93,2.44,-2.48,-18.0,4.84,-1.174673989,-4.61,0.18,1.82,1.0008940462944445,25.0273732929,2026-04-24 00:00:00,0.4639175257731959,0.53125,0.59375,0.9375
605180,华生科技,纺织制造,HIGH_PRIORITY_CANDIDATE,3,估值压力；现金流/利润背离；小流通市值,33.04903225806452,12.89,2178410000.0,2178410000.0,149.43,100.88,1.92,-4.8,-10.98,0.87,41.1392084005,-55.91,0.02,0.32,-8.6500131361,23.8310067917,2026-04-29 00:00:00,0.96,0.5161290322580645,0.3225806451612903,0.4838709677419355
301010,晶雪节能,装修建材,HIGH_PRIORITY_CANDIDATE,3,现金流/利润背离；收入与利润同比下滑；小流通市值,33.04329004329004,17.92,1935360000.0,1935360000.0,221.73,258.68,2.34,-9.77,-19.1,0.81,-29.5468117996,-28.15,0.0202,0.26,-4.243691657475248,13.1361366647,2026-04-27 00:00:00,0.8095238095238095,0.5483870967741935,0.4848484848484848,0.4545454545454545
300749,顶固集创,家居用品,HIGH_PRIORITY_CANDIDATE,3,估值压力；60日强势；现金流/利润背离,33.04294294294294,25.22,5174372268.0,3969517032.0,24.51,47.68,7.65,15.05,108.95,1.89,-36.1921917868,1678.13,0.51,16.97,-0.7222926297509804,20.2064111329,2026-08-24 00:00:00,0.2444444444444444,0.958904109589041,0.9054054054054054,0.7432432432432432
300129,泰胜风能,风电设备,HIGH_PRIORITY_CANDIDATE,3,估值压力；现金流/利润背离；收入与利润同比下滑,33.04,7.37,8172248416.0,5296894071.0,199.81,70.48,1.43,-27.67,-29.13,1.47,-32.2988106188,-82.83,0.0189,0.37,-45.736034219470895,13.0901305755,2026-08-22 00:00:00,0.92,0.2666666666666666,0.3,0.6
000889,中嘉博创,通信服务,HIGH_PRIORITY_CANDIDATE,3,估值压力；60日强势；现金流/利润背离,33.02402745995423,4.04,3782616109.0,3513989782.0,15.09,31.44,18.99,3.32,12.22,3.46,-5.6423224022,684.63,0.1339,91.81,-0.3919273482150859,9.4962367626,2026-08-25 00:00:00,0.1304347826086956,1.0,0.9473684210526316,0.868421052631579
300254,仟源医药,化学制药,HIGH_PRIORITY_CANDIDATE,3,估值压力；高换手；小流通市值,33.01735709326545,9.16,2356030437.0,2082414953.0,274.86,81.93,5.16,-12.76,-9.49,7.64,-5.6599749805,1025.28,0.0175,1.14,18.01185523182857,66.4025010434,2026-08-25 00:00:00,0.9482758620689656,0.7651006711409396,0.1006711409395973,0.9194630872483222
301456,盘古智能,风电设备,HIGH_PRIORITY_CANDIDATE,3,高换手；现金流/利润背离；小流通市值,33.01333333333333,23.63,3593870750.0,1619879932.0,39.42,37.6,1.6,-16.59,-24.5,2.29,28.6378193665,36.58,0.3,2.02,0.4291319808266666,36.385554442,2026-08-26 00:00:00,0.44,0.4333333333333333,0.6,0.9333333333333332
688828,国仪公司-U,通用设备,HIGH_PRIORITY_CANDIDATE,3,估值压力；60日强势；高换手,33.0,120.62,48249206200.0,3140828160.0,-343.07,-13634.42,34.05,468.43,468.43,32.69,51.030997321,3.1117669874,-0.2,-9.77,,45.580314306,2026-08-10 00:00:00,0.0,0.9863636363636364,1.0,1.0
000712,锦龙股份,证券Ⅱ,HIGH_PRIORITY_CANDIDATE,3,估值压力；高换手；收入与利润同比下滑,33.0,9.75,8736000000.0,8733407719.0,306.55,50.53,3.26,-11.28,-18.89,5.67,-16.28,-88.59,0.016,0.53,109.447757417,,2026-08-17 00:00:00,0.979591836734694,0.979591836734694,0.0204081632653061,1.0
301218,华是科技,IT服务Ⅱ,HIGH_PRIORITY_CANDIDATE,3,60日强势；高换手；收入与利润同比下滑,33.0,48.91,5577696400.0,3427066769.0,-472.67,-202.48,6.15,32.33,106.9,14.22,-71.5434004835,-50.95,-0.0259,-0.32,,15.3903661659,2026-04-23 00:00:00,0.0,0.7272727272727273,1.0,1.0
002862,实丰文化,文娱用品,HIGH_PRIORITY_CANDIDATE,3,估值压力；现金流/利润背离；小流通市值,33.0,13.71,2323707900.0,1762797360.0,86.96,-13.64,7.65,-17.81,-29.8,0.89,26.4263068428,200.9,0.04,2.32,-6.715827235125,62.5262648065,2026-04-25 00:00:00,0.9285714285714286,0.9523809523809524,0.3333333333333333,0.4761904761904761
001396,誉帆科技,基础建设,HIGH_PRIORITY_CANDIDATE,3,估值压力；现金流/利润背离；小流通市值,32.98643410852713,34.8,3720204077.0,790566912.0,515.29,28.97,2.64,-21.12,-18.99,1.78,29.1652259532,213.57,0.0169,0.12,-31.391638381775152,28.0531977637,2026-04-27 00:00:00,0.9583333333333334,0.7560975609756098,0.1395348837209302,0.7906976744186046
301006,迈拓股份,通用设备,HIGH_PRIORITY_CANDIDATE,3,现金流/利润背离；收入与利润同比下滑；小流通市值,32.98399671103443,13.79,1920671200.0,1189197888.0,99.15,28.86,1.48,-7.82,-15.35,1.91,-10.5944456518,-72.64,0.0704,0.74,-1.2845009806960228,43.0302137296,2026-08-26 00:00:00,0.6352941176470588,0.0454545454545454,0.545045045045045,0.6233183856502242
300862,蓝盾光电,通用设备,HIGH_PRIORITY_CANDIDATE,3,60日强势；高换手；收入与利润同比下滑,32.977538076192786,52.45,9683208960.0,7944654317.0,-279.4,-101.82,4.94,133.73,129.24,12.36,-13.200077645,-271.99,-0.05,-0.44,,27.8005067259,2026-04-28 00:00:00,0.0,0.6954545454545454,0.9954954954954957,0.9865470852017936
688485,九州一轨,轨交设备Ⅱ,HIGH_PRIORITY_CANDIDATE,3,估值压力；60日强势；高换手,32.96551724137931,86.81,13046853902.0,13046853902.0,-749.34,-1020.93,10.43,64.63,386.6,3.07,22.8498439706,27.752500749,-0.03,-0.35,,27.6929504838,2026-04-28 00:00:00,0.0,1.0,1.0,0.9655172413793104
300333,兆日科技,计算机设备,HIGH_PRIORITY_CANDIDATE,3,60日强势；高换手；收入与利润同比下滑,32.963855421686745,12.68,4260480000.0,4245011250.0,-239.76,-199.34,7.56,26.04,10.26,14.75,-6.2100059597,-262.55,-0.0132,-0.78,,51.759261976,2026-04-24 00:00:00,0.0,0.8292682926829268,0.9879518072289156,0.9879518072289156
002842,翔鹭钨业,小金属,HIGH_PRIORITY_CANDIDATE,3,60日强势；高换手；现金流/利润背离,32.96333333333333,37.82,12373661000.0,10153246417.0,12.35,32.06,8.75,17.2,164.11,7.1,138.6536376602,2917.13,0.77,18.79,-2.3115326842285717,31.0205527263,2026-04-29 00:00:00,0.0416666666666666,0.72,0.96,0.96
300929,华骐环保,环境治理,HIGH_PRIORITY_CANDIDATE,3,60日强势；高换手；小流通市值,32.96190476190476,17.1,2259473548.0,2143662002.0,-187.12,-50.91,2.94,42.14,59.07,5.76,9.5785869248,-287.13,-0.02,-0.33,,22.4941818267,2026-04-24 00:00:00,0.0,0.7352941176470589,1.0,0.961904761904762
600782,新钢股份,普钢,HIGH_PRIORITY_CANDIDATE,3,60日强势；高换手；收入与利润同比下滑,32.95652173913044,2.88,9169983789.0,9059478189.0,-3.14,-13.13,0.37,7.46,-23.2,1.05,-15.8872866685,-5959.0943886016,-0.229,-5.216,,-3.5098440851,2026-04-21 00:00:00,0.0,0.0454545454545454,1.0,0.9565217391304348
300668,杰恩股份,工程咨询服务Ⅱ,HIGH_PRIORITY_CANDIDATE,3,估值压力；高换手；现金流/利润背离,32.949999999999996,32.78,3946098129.0,3267964796.0,2186.84,241.29,4.97,-45.08,12.34,2.45,-46.0546289159,253.26,0.0075,0.12,-36.938933461333335,20.843633893,2026-08-25 00:00:00,1.0,0.95,0.025,0.9
603326,我乐家居,家居用品,HIGH_PRIORITY_CANDIDATE,3,现金流/利润背离；收入与利润同比下滑；小流通市值,32.945345345345345,7.11,2269347972.0,2269347972.0,62.97,15.84,2.04,-4.82,-17.8,0.71,-26.6362303302,-77.56,0.0282,0.76,-10.505403037978724,44.1606005457,2026-04-30 00:00:00,0.6888888888888889,0.4657534246575342,0.6081081081081081,0.3513513513513513
603381,永臻股份,光伏设备,HIGH_PRIORITY_CANDIDATE,3,现金流/利润背离；收入与利润同比下滑；小流通市值,32.94444444444444,15.54,3686963306.0,2208819640.0,37.83,-16.5,1.1,-18.72,-21.75,2.48,-7.5009441324,-9.29,0.1027,0.73,-17.02850204271665,4.7186465924,2026-04-30 00:00:00,0.5357142857142857,0.081967213114754,0.5238095238095238,0.8253968253968254
300112,万讯自控,通用设备,HIGH_PRIORITY_CANDIDATE,3,60日强势；高换手；小流通市值,32.93253343029128,10.64,3093530322.0,2557692910.0,-1058.62,-52.73,3.26,51.78,23.58,10.59,-7.2321097852,87.52,-0.005,-0.15,,41.545359073,2026-08-25 00:00:00,0.0,0.4795454545454545,0.9774774774774776,0.9775784753363228
603221,爱丽家居,家居用品,HIGH_PRIORITY_CANDIDATE,3,60日强势；高换手；收入与利润同比下滑,32.932432432432435,26.33,6378969100.0,6378969100.0,-82.89,-129.08,4.12,107.32,101.45,4.1,-6.3386602464,-236.86,-0.16,-2.44,,7.8151930126,2026-08-26 00:00:00,0.0,0.821917808219178,1.0,0.9324324324324323
002582,好想你,休闲食品,HIGH_PRIORITY_CANDIDATE,3,60日强势；高换手；现金流/利润背离,32.931350114416475,10.34,4629299593.0,3558765137.0,3.11,2.84,1.03,2.78,-1.15,3.95,2.5936667431,3851.85,1.6625,17.19,0.0447155431302255,33.5235133456,2026-08-22 00:00:00,0.0526315789473684,0.0434782608695652,0.9565217391304348,0.9130434782608696
003040,楚天龙,通信设备,HIGH_PRIORITY_CANDIDATE,3,60日强势；高换手；收入与利润同比下滑,32.92941176470588,17.03,7853145603.0,7780159894.0,-63.21,-516.5,5.67,31.51,-17.61,23.24,-30.2134803867,-56.21,-0.13,-4.37,,18.2975838439,2026-08-26 00:00:00,0.0,0.5647058823529412,0.9647058823529412,1.0
603382,海阳科技,化学纤维,HIGH_PRIORITY_CANDIDATE,3,高换手；收入与利润同比下滑；小流通市值,32.92307692307692,19.35,3507213971.0,2234651894.0,27.12,34.84,1.95,-9.96,-39.79,3.18,-5.7856861435,-17.99,0.36,3.63,4.5051927228,10.6515122773,2026-08-20 00:00:00,0.5,0.5769230769230769,0.5,0.9230769230769232
300545,联得装备,光学光电子,HIGH_PRIORITY_CANDIDATE,3,高换手；现金流/利润背离；收入与利润同比下滑,32.92181695373185,31.76,5890253302.0,3918668186.0,55.99,64.98,2.69,-8.21,3.82,11.44,-7.9772223655,-28.04,0.28,2.42,-0.2606918093749999,30.9211095752,2026-08-26 00:00:00,0.3492063492063492,0.3404255319148936,0.6170212765957447,0.9893617021276596
002515,金字火腿,食品加工,HIGH_PRIORITY_CANDIDATE,3,60日强势；高换手；收入与利润同比下滑,32.92,7.93,9600170321.0,8737685757.0,-590.51,-1670.7,3.7,15.77,30.43,6.58,-9.2592554966,-135.46,-0.01,-0.31,,26.1412218276,2026-07-31 00:00:00,0.0,0.84,0.96,1.0
300420,五洋自控,通用设备,HIGH_PRIORITY_CANDIDATE,3,60日强势；高换手；收入与利润同比下滑,32.910071506484066,8.54,9533915611.0,9533014641.0,-1460.94,459.12,4.01,50.88,114.57,8.03,-27.6549955825,-114.13,-0.0029,-0.14,,25.1691005629,2026-08-22 00:00:00,0.0,0.6181818181818182,0.972972972972973,0.9641255605381166
002192,融捷股份,能源金属,HIGH_PRIORITY_CANDIDATE,3,60日强势；高换手；现金流/利润背离,32.90909090909091,72.85,18915881539.0,18876720147.0,9.44,15.83,4.16,-9.07,41.37,7.3,402.3507799318,1076.14,3.8574,24.58,0.4414770312186965,76.3610647268,2026-08-18 00:00:00,0.0909090909090909,0.9090909090909092,0.9090909090909092,0.9090909090909092
603400,华之杰,通用设备,HIGH_PRIORITY_CANDIDATE,3,高换手；收入与利润同比下滑；小流通市值,32.90627873983189,45.38,5891688804.0,1644120804.0,66.57,68.94,4.95,-11.07,14.42,5.84,-3.5961815273,-46.78,0.34,3.51,1.5329323678970588,21.9523555742,2026-08-03 00:00:00,0.5588235294117647,0.7,0.4324324324324324,0.9237668161434978
001259,利仁科技,小家电,HIGH_PRIORITY_CANDIDATE,3,估值压力；高换手；小流通市值,32.9,45.69,3362276293.0,2172308159.0,261.89,311.04,4.67,-31.84,52.86,1.46,29.6601322714,30.36,0.0883,0.89,3.6103133758323898,26.7443086014,2026-08-21 00:00:00,0.9375,0.8,0.05,0.925
001282,三联锻造,汽车零部件,HIGH_PRIORITY_CANDIDATE,3,现金流/利润背离；收入与利润同比下滑；小流通市值,32.896552800199714,15.52,3448320512.0,2370326144.0,43.74,44.3,2.09,-13.44,-26.93,1.75,-0.5136841926,-44.74,0.18,2.4,0.4435217121277778,19.6992188136,2026-08-26 00:00:00,0.6091370558375635,0.3724279835390947,0.4631147540983606,0.7520491803278688
300615,欣天科技,通信设备,HIGH_PRIORITY_CANDIDATE,3,60日强势；高换手；小流通市值,32.89411764705883,14.42,2782904264.0,2207518332.0,-30.34,-42.28,6.18,25.5,8.99,18.55,60.1880688354,-505.73,-0.2374,-9.54,,20.9569603987,2026-08-25 00:00:00,0.0,0.611764705882353,0.9529411764705882,0.9882352941176472
000608,阳光股份,房地产开发,HIGH_PRIORITY_CANDIDATE,3,60日强势；高换手；收入与利润同比下滑,32.88888888888889,7.53,5646847217.0,5613069519.0,-60.14,-25.05,2.75,56.22,186.31,2.25,-14.8765647149,-44.67,-0.03,-1.14,,51.7664926104,2026-04-29 00:00:00,0.0,0.8552631578947368,0.9876543209876544,0.9135802469135802
688186,广大特材,特钢Ⅱ,HIGH_PRIORITY_CANDIDATE,3,估值压力；现金流/利润背离；收入与利润同比下滑,32.88333333333333,14.16,3971729281.0,3971729281.0,160.88,119.86,0.86,-31.59,-37.57,1.05,-8.3593123906,-93.33,0.04,0.26,-20.5846711586,13.4982328864,2026-08-25 00:00:00,0.9,0.1666666666666666,0.1666666666666666,0.75
301516,中远通,其他电源设备Ⅱ,HIGH_PRIORITY_CANDIDATE,3,60日强势；高换手；小流通市值,32.88235294117647,21.08,5917192995.0,1479298254.0,-180.71,-122.86,4.67,22.27,35.04,20.72,37.701174761,52.33,-0.0292,-0.64,,17.081266472,2026-04-28 00:00:00,0.0,0.6060606060606061,0.9411764705882352,1.0
300663,科蓝软件,软件开发,HIGH_PRIORITY_CANDIDATE,3,60日强势；高换手；收入与利润同比下滑,32.875,8.71,4167319585.0,4009979541.0,-36.84,-9.98,13.0,9.7,-50.62,5.33,-40.6589174194,-391.27,-0.059,-7.27,,19.3322598609,2026-04-27 00:00:00,0.0,0.9453125,0.9609375,0.953125
688109,品茗科技,软件开发,HIGH_PRIORITY_CANDIDATE,3,估值压力；现金流/利润背离；收入与利润同比下滑,32.87109375,71.11,5606475953.0,5606475953.0,1542.31,325.56,7.27,-11.77,-43.94,0.53,-15.3793011867,-94.18,0.02,0.23,-34.704992136200005,71.3102647502,2026-08-21 00:00:00,1.0,0.8359375,0.390625,0.08984375
688806,泰诺麦博-U,生物制品,HIGH_PRIORITY_CANDIDATE,3,60日强势；高换手；小流通市值,32.87037037037037,24.28,11182061493.0,1238903025.0,-28.05,-21.9,11.91,67.91,67.91,7.67,623.4116765025,31.2880029376,-0.51,-407.07,,66.6440889334,2026-08-26 00:00:00,0.0,0.9074074074074074,0.9629629629629628,0.9444444444444444
002160,常铝股份,工业金属,HIGH_PRIORITY_CANDIDATE,3,估值压力；现金流/利润背离；收入与利润同比下滑,32.86480908152735,4.1,4234402785.0,4225990905.0,83.3,62.65,1.12,-11.45,-21.15,1.26,-0.2562326477,-13.29,0.0123,0.34,-27.005243772845528,12.2217734207,2026-04-24 00:00:00,0.9411764705882352,0.0614035087719298,0.3333333333333333,0.3157894736842105
000428,华天酒店,酒店餐饮,HIGH_PRIORITY_CANDIDATE,3,60日强势；高换手；收入与利润同比下滑,32.86447313355848,4.75,4839898500.0,4839898500.0,-21.38,-22.34,3.95,30.85,43.94,4.49,-4.9203282162,-6.06,-0.1111,-8.82,,9.0043607567,2026-08-25 00:00:00,0.0,0.6950724637681159,0.972972972972973,0.9185271876125316
003013,地铁设计,工程咨询服务Ⅱ,HIGH_PRIORITY_CANDIDATE,3,60日强势；现金流/利润背离；收入与利润同比下滑,32.863461538461536,17.92,8256779794.0,7212377016.0,28.66,22.2,2.48,22.74,29.29,1.21,-14.0784636087,-39.39,0.32,4.42,-4.626836547309375,33.9970158972,2026-08-25 00:00:00,0.2692307692307692,0.625,0.9,0.525
301318,维海德,计算机设备,HIGH_PRIORITY_CANDIDATE,3,现金流/利润背离；收入与利润同比下滑；小流通市值,32.86095402016228,21.02,2843982563.0,1958647699.0,80.61,76.71,1.55,-4.41,-22.75,0.55,-10.2891657877,-73.26,0.13,0.94,-2.0034534834615387,39.5572618824,2026-08-24 00:00:00,0.7346938775510204,0.0853658536585365,0.6144578313253012,0.1626506024096385
688119,中钢洛耐,装修建材,HIGH_PRIORITY_CANDIDATE,3,估值压力；现金流/利润背离；收入与利润同比下滑,32.85930735930736,3.99,4488750000.0,4488750000.0,393.82,-26.97,1.59,-10.74,-28.62,0.38,-14.2065689698,-85.46,0.0025,0.1,-24.8050717936,15.7929921532,2026-04-29 00:00:00,0.9523809523809524,0.4193548387096774,0.4545454545454545,0.0454545454545454
001285,瑞立科密,汽车零部件,HIGH_PRIORITY_CANDIDATE,3,高换手；现金流/利润背离；小流通市值,32.85634933843721,44.21,7981240982.0,1834572202.0,21.51,21.18,2.06,-6.85,-23.45,7.53,24.5559463181,30.95,1.03,4.82,0.1213116476893203,28.2945731232,2026-08-26 00:00:00,0.233502538071066,0.3621399176954732,0.7049180327868853,0.9795081967213116
600611,大众交通,铁路公路,HIGH_PRIORITY_CANDIDATE,3,60日强势；高换手；收入与利润同比下滑,32.84848484848485,4.66,11016812546.0,7285054256.0,-16.57,-190.77,1.16,2.87,-14.34,3.26,-14.0229501597,-360.6249628883,-0.07,-1.71,,12.8335953238,2026-04-30 00:00:00,0.0,0.6060606060606061,0.9393939393939394,0.9696969696969696
605286,同力天启,专用设备,HIGH_PRIORITY_CANDIDATE,3,高换手；现金流/利润背离；收入与利润同比下滑,32.84792718311539,28.1,4720800000.0,4720800000.0,120.51,46.09,2.19,-18.74,-30.7,5.49,-14.5359953047,-83.09,0.12,0.91,-5.9962711870000005,16.3360059746,2026-08-26 00:00:00,0.7913669064748201,0.3444444444444444,0.1767955801104972,0.9116022099447514
300386,飞天诚信,计算机设备,HIGH_PRIORITY_CANDIDATE,3,60日强势；高换手；收入与利润同比下滑,32.8433734939759,12.69,5304978360.0,3263965117.0,-43.72,-87.15,3.79,16.42,-29.7,7.23,-26.8488482967,-1101.0,-0.15,-4.22,,38.6860340312,2026-08-21 00:00:00,0.0,0.573170731707317,0.9518072289156626,0.9397590361445785
000931,中 关 村,化学制药,HIGH_PRIORITY_CANDIDATE,3,60日强势；高换手；收入与利润同比下滑,32.83892617449664,5.45,4104542052.0,4093110949.0,-68.88,-198.1,2.58,29.76,12.37,16.15,-18.6779603483,-176.78,-0.0396,-1.85,,47.6112682087,2026-08-22 00:00:00,0.0,0.4765100671140939,0.9261744966442952,0.9865771812080536
002900,哈三联,化学制药,HIGH_PRIORITY_CANDIDATE,3,60日强势；高换手；小流通市值,32.83221476510067,13.69,4330893790.0,2205765656.0,-153.43,-13.63,2.45,30.63,9.87,14.73,11.6121563919,75.54,-0.02,-0.4,,40.8789954138,2026-04-28 00:00:00,0.0,0.4563758389261745,0.9328859060402684,0.9664429530201344
603325,博隆技术,专用设备,HIGH_PRIORITY_CANDIDATE,3,现金流/利润背离；收入与利润同比下滑；小流通市值,32.83059740053262,55.4,4432221600.0,1893749280.0,22.68,16.7,1.61,1.28,-27.84,1.67,-21.9102684178,-59.69,1.2214,3.52,-0.4268114308383822,27.1822122488,2026-08-22 00:00:00,0.2302158273381295,0.1472222222222222,0.8397790055248618,0.6906077348066298
600594,益佰制药,中药Ⅱ,HIGH_PRIORITY_CANDIDATE,3,60日强势；高换手；收入与利润同比下滑,32.8125,4.05,3176795295.0,3176795295.0,-19.77,-8.15,1.51,13.76,1.76,11.22,-30.5838934282,-303.665865887,-0.102,-3.741,,57.665370893,2026-08-21 00:00:00,0.0,0.2063492063492063,0.921875,0.96875
600165,宁科生物,化学制品,HIGH_PRIORITY_CANDIDATE,3,60日强势；高换手；小流通市值,32.811764705882354,3.37,5445528322.0,2469918987.0,-21.17,-60.09,4.76,12.71,-18.8,5.54,25.3996184816,-0.37,-0.04,-5.47,,7.7667129758,2026-04-30 00:00:00,0.0,0.888235294117647,0.9352941176470588,0.9411764705882352
300940,南极光,光学光电子,HIGH_PRIORITY_CANDIDATE,3,现金流/利润背离；收入与利润同比下滑；小流通市值,32.810368118878756,13.8,3072492334.0,2173247074.0,222.18,136.24,2.62,-20.19,-51.51,1.5,-30.1098350335,-90.51,0.0311,0.59,-2.443690732154341,23.8855090472,2026-08-26 00:00:00,0.8253968253968254,0.3191489361702128,0.351063829787234,0.4574468085106383
002209,达 意 隆,专用设备,HIGH_PRIORITY_CANDIDATE,3,高换手；现金流/利润背离；小流通市值,32.81008784132915,13.01,2660935951.0,2053612732.0,11.16,17.73,2.82,4.5,-18.89,8.14,17.0101236778,31.24,0.6009,13.28,0.2946077941254784,28.657448759,2026-08-21 00:00:00,0.0431654676258992,0.5361111111111111,0.8784530386740331,0.9668508287292816
300546,雄帝科技,计算机设备,HIGH_PRIORITY_CANDIDATE,3,60日强势；高换手；小流通市值,32.807228915662655,18.72,3512802216.0,2582720207.0,-123.18,308.43,3.12,10.12,-28.41,9.59,6.8762948472,-222.16,-0.08,-1.25,,46.1421246476,2026-08-25 00:00:00,0.0,0.4878048780487805,0.9156626506024096,0.9759036144578314
002614,奥佳华,其他家电Ⅱ,HIGH_PRIORITY_CANDIDATE,3,60日强势；高换手；小流通市值,32.782548994799626,5.77,3598975207.0,2546104018.0,-13.6,-64.43,0.85,10.54,-19.97,7.12,11.1566592329,-3411.82,-0.11,-1.52,,30.6178990707,2026-04-29 00:00:00,0.0,0.046183574879227,0.9096396396396396,0.9632697155203456
002696,百洋股份,饲料,HIGH_PRIORITY_CANDIDATE,3,60日强势；高换手；小流通市值,32.78125,6.32,2185166746.0,2112516362.0,-28.44,129.59,1.63,8.78,-9.97,2.32,24.6667470254,-521.26,-0.0555,-1.42,,8.0304076583,2026-04-28 00:00:00,0.0,0.1875,0.9375,0.90625
688635,长进光子,通信设备,HIGH_PRIORITY_CANDIDATE,3,高换手；现金流/利润背离；收入与利润同比下滑,32.77308075772682,302.8,28363276000.0,5376673348.0,450.83,304.83,18.8,-50.44,638.9,11.49,-3.6072363679,-7.62,0.42,4.01,0.0859340597952381,64.8117752884,2026-08-26 00:00:00,0.8983050847457628,0.8588235294117647,0.0117647058823529,0.9529411764705882
002828,贝肯能源,油服工程,HIGH_PRIORITY_CANDIDATE,3,60日强势；收入与利润同比下滑；小流通市值,32.76923076923077,12.08,2427930208.0,2427930208.0,-9.77,-20.92,4.02,26.1,13.32,4.37,-32.4102139999,-999.48,-0.62,-19.94,,0.4576371897,2026-08-08 00:00:00,0.0,0.6153846153846154,1.0,0.7692307692307693
603089,正裕工业,汽车零部件,HIGH_PRIORITY_CANDIDATE,3,60日强势；高换手；小流通市值,32.76229508196722,10.5,2895051926.0,2520349314.0,-40.47,50.49,1.56,1.45,-16.47,3.86,6.5151852794,-159.2,-0.07,-1.23,,18.1399314455,2026-04-29 00:00:00,0.0,0.1934156378600823,0.9098360655737704,0.9426229508196722
300838,浙江力诺,通用设备,HIGH_PRIORITY_CANDIDATE,3,估值压力；现金流/利润背离；小流通市值,32.75983707263053,13.97,1927552660.0,1421344471.0,371.01,-59.04,2.03,-17.73,-8.39,1.09,13.5228983693,-79.49,0.01,0.14,-10.6370477395,16.7365762548,2026-04-29 00:00:00,0.923529411764706,0.1977272727272727,0.2747747747747748,0.3632286995515695
300163,先锋新材,化学制品,HIGH_PRIORITY_CANDIDATE,3,60日强势；高换手；收入与利润同比下滑,32.73529411764706,6.87,3256380000.0,3148608290.0,-71.42,-196.44,6.07,8.36,69.63,3.92,-21.9271958663,-135.81,-0.0481,-4.16,,8.8698576449,2026-08-26 00:00:00,0.0,0.9294117647058824,0.9117647058823528,0.9117647058823528
601598,中国外运,物流,HIGH_PRIORITY_CANDIDATE,3,60日强势；现金流/利润背离；收入与利润同比下滑,32.733556298773685,6.53,46844595512.0,33678280582.0,13.58,12.33,1.13,8.29,10.49,0.23,-8.0562839152,-11.4,0.2404,4.12,-0.4975883444051581,6.4589549144,2026-08-26 00:00:00,0.4102564102564102,0.217391304347826,0.9347826086956522,0.0434782608695652
600674,川投能源,电力,HIGH_PRIORITY_CANDIDATE,3,60日强势；现金流/利润背离；收入与利润同比下滑,32.71947413222359,15.68,76433835063.0,76433835063.0,16.4,16.53,1.71,4.95,17.01,0.32,-4.5332623609,-5.34,0.4779,5.06,0.1896231315630885,48.368584199,2026-08-15 00:00:00,0.3092783505154639,0.5596330275229358,0.963302752293578,0.1743119266055046
000566,海南海药,化学制药,HIGH_PRIORITY_CANDIDATE,3,估值压力；高换手；收入与利润同比下滑,32.711409395973156,5.08,6590614840.0,6587417016.0,-21.55,-15.04,1481.89,24.51,-28.95,10.15,-18.5956697209,-11.8286063949,-0.0589,-179.16,,24.8556143073,2026-04-28 00:00:00,0.0,1.0,0.8791946308724832,0.953020134228188
300819,聚杰微纤,纺织制造,HIGH_PRIORITY_CANDIDATE,3,估值压力；现金流/利润背离；收入与利润同比下滑,32.70967741935484,46.42,6926096100.0,6255663645.0,166.56,133.53,8.04,-27.37,34.79,1.24,-5.5085412992,-29.33,0.07,1.19,-0.0309979395571428,31.006340335,2026-04-27 00:00:00,1.0,0.967741935483871,0.032258064516129,0.6451612903225806
301557,常友科技,风电设备,HIGH_PRIORITY_CANDIDATE,3,估值压力；60日强势；小流通市值,32.7,85.49,5303031814.0,2126219824.0,-260.73,72.84,5.32,-0.94,-7.86,1.72,1.4352937495,-146.18,-0.11,-0.49,,13.5432988176,2026-04-28 00:00:00,0.0,0.9666666666666668,1.0,0.7
001366,播恩集团,饲料,HIGH_PRIORITY_CANDIDATE,3,高换手；现金流/利润背离；小流通市值,32.69602272727273,12.66,2034208800.0,2034208800.0,99.94,403.27,2.52,-12.02,-5.31,2.32,8.977172856,169.52,0.06,1.27,-14.391459432833331,13.708975938,2026-08-25 00:00:00,0.7698863636363636,0.6875,0.125,0.90625
301598,博科测试,专用设备,HIGH_PRIORITY_CANDIDATE,3,高换手；现金流/利润背离；小流通市值,32.69593386064629,52.67,3102116735.0,949592592.0,25.55,23.26,3.13,-6.41,-14.33,6.23,9.3005568319,26.65,1.0308,6.01,-0.3147287458168413,49.3053264166,2026-08-24 00:00:00,0.2733812949640288,0.5888888888888889,0.6022099447513812,0.9447513812154696
002427,尤夫股份,化学纤维,HIGH_PRIORITY_CANDIDATE,3,估值压力；高换手；收入与利润同比下滑,32.69230769230769,4.84,4769494641.0,4765067052.0,-59.46,375.35,5.04,3.42,-27.87,5.82,-17.6894978336,-480.25,-0.0204,-2.1,,6.7268271796,2026-04-29 00:00:00,0.0,0.9615384615384616,0.8461538461538461,1.0
300902,国安达,专用设备,HIGH_PRIORITY_CANDIDATE,3,高换手；收入与利润同比下滑；小流通市值,32.69060773480663,15.55,2827042388.0,1940568999.0,-103.7,-277.6,3.49,1.57,-25.35,8.66,-44.9798654194,-353.34,-0.0375,-0.84,,34.8885740268,2026-04-28 00:00:00,0.0,0.6416666666666667,0.856353591160221,0.9779005524861878
600039,四川路桥,基础建设,HIGH_PRIORITY_CANDIDATE,3,60日强势；现金流/利润背离；收入与利润同比下滑,32.68992248062016,8.7,75651638612.0,75651638612.0,12.65,10.78,1.55,8.48,-8.32,0.13,-4.1024646191,-15.72,0.17,2.8,-2.226860513752941,14.2397840063,2026-04-30 00:00:00,0.3333333333333333,0.573170731707317,1.0,0.0232558139534883
301227,森鹰窗业,家居用品,HIGH_PRIORITY_CANDIDATE,3,60日强势；收入与利润同比下滑；小流通市值,32.66216216216216,31.04,4080485404.0,2294117884.0,-52.89,-55.21,2.57,31.36,-18.04,2.06,-9.8894643209,-202.59,-0.3,-2.4,,13.4969353597,2026-08-21 00:00:00,0.0,0.5753424657534246,0.945945945945946,0.7702702702702703
300857,协创数据,消费电子,HIGH_PRIORITY_CANDIDATE,3,估值压力；60日强势；现金流/利润背离,32.65348399246704,236.16,115567975526.0,114976857128.0,31.02,44.54,18.99,0.27,96.41,1.15,192.9016238333,343.45,2.17,15.66,0.3624910087262673,22.527321781,2026-04-28 00:00:00,0.2711864406779661,0.9666666666666668,0.9,0.3111111111111111
002743,富煌钢构,专业工程,HIGH_PRIORITY_CANDIDATE,3,高换手；收入与利润同比下滑；小流通市值,32.648648648648646,4.86,2115404803.0,2112014953.0,-11.73,-2.22,0.91,2.32,-10.66,3.81,-86.6909517116,-358.91,-0.1,-1.92,,4.7108218844,2026-04-30 00:00:00,0.0,0.1666666666666666,0.8648648648648649,0.918918918918919
301386,未来电器,电网设备,HIGH_PRIORITY_CANDIDATE,3,现金流/利润背离；收入与利润同比下滑；小流通市值,32.64429678848283,20.29,2840600000.0,913050000.0,42.69,34.92,1.93,-11.36,-11.78,1.48,-0.4274232806,-31.33,0.2376,2.2,-0.2473038663425925,22.6428329034,2026-08-26 00:00:00,0.419047619047619,0.1860465116279069,0.6007751937984496,0.6046511627906976
603262,技源集团,食品加工,HIGH_PRIORITY_CANDIDATE,3,估值压力；收入与利润同比下滑；小流通市值,32.64235294117647,18.44,7376184400.0,1924172897.0,80.43,64.69,4.8,-33.16,-35.07,0.93,-9.4051308774,-46.18,0.06,1.47,1.103220296583333,41.6782181283,2026-04-28 00:00:00,0.9411764705882352,0.92,0.08,0.6
300494,盛天网络,游戏Ⅱ,HIGH_PRIORITY_CANDIDATE,3,估值压力；现金流/利润背离；收入与利润同比下滑,32.61805555555556,8.27,4056518329.0,3294338522.0,227.81,2622.66,2.81,-11.74,-32.1,0.56,-11.2099441492,-82.49,0.0091,0.31,-15.061952433736264,13.5748142702,2026-04-24 00:00:00,0.9444444444444444,0.375,0.2916666666666667,0.1458333333333333
300763,锦浪科技,光伏设备,HIGH_PRIORITY_CANDIDATE,3,高换手；现金流/利润背离；收入与利润同比下滑,32.61111111111111,64.86,25729428462.0,20858637690.0,105.17,42.2,2.87,-42.4,-8.92,4.27,-6.5134785666,-68.59,0.15,0.67,-0.4953664865466667,33.5456299715,2026-04-27 00:00:00,0.75,0.5737704918032787,0.0793650793650793,0.9523809523809524
301531,春光集团,金属新材料,HIGH_PRIORITY_CANDIDATE,3,高换手；现金流/利润背离；小流通市值,32.608993157380255,50.16,11021824334.0,2351684034.0,73.53,78.36,7.38,-33.39,277.14,3.64,36.32121854,28.09,0.4093,7.29,0.1968142545223552,22.1440593171,2026-08-25 00:00:00,0.7741935483870968,0.8181818181818182,0.0606060606060606,0.9393939393939394
002666,德联集团,化学制品,HIGH_PRIORITY_CANDIDATE,3,现金流/利润背离；收入与利润同比下滑；小流通市值,32.60669934640523,4.24,3341117036.0,2123365822.0,29.79,78.89,0.94,-6.19,-23.05,2.7,-3.6505639663,-5.52,0.07,1.59,0.0337497222857142,11.5497438158,2026-08-24 00:00:00,0.3680555555555556,0.0205882352941176,0.5352941176470588,0.8
301581,黄山谷捷,汽车零部件,HIGH_PRIORITY_CANDIDATE,3,估值压力；现金流/利润背离；小流通市值,32.5995776816177,36.59,2927200000.0,1547555755.0,209.37,120.91,2.96,-24.32,-22.31,0.81,35.3169198294,-81.51,0.09,0.69,-7.148800693055556,7.4228043695,2026-08-25 00:00:00,0.934010152284264,0.6213991769547325,0.1598360655737705,0.4118852459016393
603177,德创环保,环境治理,HIGH_PRIORITY_CANDIDATE,3,估值压力；收入与利润同比下滑；小流通市值,32.59047619047619,11.0,2246112000.0,2246112000.0,-48.54,-42.42,6.96,6.08,-1.17,2.15,-9.0039692121,-205.61,-0.06,-3.13,,21.275935359,2026-04-30 00:00:00,0.0,0.9509803921568628,0.8952380952380953,0.8
688501,青达环保,环保设备Ⅱ,HIGH_PRIORITY_CANDIDATE,3,现金流/利润背离；收入与利润同比下滑；小流通市值,32.585,13.93,2422655452.0,2422655452.0,21.43,18.01,2.17,-5.81,-25.43,2.34,-40.1318116858,-58.87,0.23,2.49,-2.5206704761086955,29.3104077314,2026-04-28 00:00:00,0.3125,0.4583333333333333,0.56,0.84
688813,泰金新能,专用设备,HIGH_PRIORITY_CANDIDATE,3,高换手；现金流/利润背离；收入与利润同比下滑,32.58480066775309,110.09,17614400000.0,3311174288.0,101.37,94.19,10.1,-32.04,327.04,5.97,-11.4976547164,-16.44,0.62,6.68,0.1066930054435483,22.1004808331,2026-08-26 00:00:00,0.7482014388489209,0.9,0.0773480662983425,0.9337016574585636
600892,大晟文化,游戏Ⅱ,HIGH_PRIORITY_CANDIDATE,3,估值压力；高换手；小流通市值,32.58333333333333,4.09,2288208529.0,2287616902.0,-33.54,-25.98,260.9,3.02,11.75,5.61,35.913169528,-68.1844564337,-0.0305,-102.02,,75.7166784673,2026-04-30 00:00:00,0.0,1.0,0.7916666666666666,1.0
301591,肯特股份,塑料,HIGH_PRIORITY_CANDIDATE,3,高换手；现金流/利润背离；小流通市值,32.57940747935891,39.92,4365491520.0,1784214340.0,64.89,71.33,4.77,-21.45,28.2,21.24,5.7973065593,-22.13,0.2,1.85,-0.315272075605,37.758963411,2026-04-27 00:00:00,0.6206896551724138,0.8571428571428571,0.1690140845070422,1.0
601921,浙版传媒,出版,HIGH_PRIORITY_CANDIDATE,3,60日强势；现金流/利润背离；收入与利润同比下滑,32.56547619047619,7.37,16377777784.0,16377777784.0,12.68,13.04,1.13,2.5,-3.03,0.17,-9.5415426882,-4.45,0.2907,4.39,0.4833547858204334,30.7902242112,2026-08-15 00:00:00,0.2916666666666667,0.3928571428571428,0.9642857142857144,0.0535714285714285
002442,龙星科技,橡胶,HIGH_PRIORITY_CANDIDATE,3,现金流/利润背离；收入与利润同比下滑；小流通市值,32.54524886877828,5.08,2557138325.0,2496874696.0,72.37,129.03,1.39,-9.77,-18.2,0.96,-2.4310637238,-69.1,0.0178,0.48,-38.406109488932586,7.1217677642,2026-04-30 00:00:00,0.8461538461538461,0.2941176470588235,0.2941176470588235,0.2647058823529412
301056,森赫股份,专用设备,HIGH_PRIORITY_CANDIDATE,3,现金流/利润背离；收入与利润同比下滑；小流通市值,32.54461624070909,11.41,3044035870.0,2008112420.0,75.56,44.41,4.1,-9.66,-31.27,0.95,-22.3518704131,-38.85,0.0378,1.28,-1.253025391957672,32.1881231938,2026-04-24 00:00:00,0.6258992805755396,0.6944444444444444,0.4419889502762431,0.4088397790055249
600879,航天电子,航天装备Ⅱ,HIGH_PRIORITY_CANDIDATE,3,估值压力；现金流/利润背离；收入与利润同比下滑,32.54164104135444,14.32,47245966463.0,47245966463.0,582.0,503.27,2.27,-26.07,-32.77,0.92,-22.1914631447,-76.63,0.012,0.194,-59.251579926,21.8487022859,2026-08-26 00:00:00,0.9664256198347108,0.4151690821256039,0.0898198198198198,0.4291501620453727
300306,远方信息,通用设备,HIGH_PRIORITY_CANDIDATE,3,现金流/利润背离；收入与利润同比下滑；小流通市值,32.53863536445969,10.44,2807929642.0,1645877860.0,43.21,39.96,1.94,-3.69,-22.61,1.32,-0.761058876,-3.62,0.12,2.18,0.167064477625,66.9811786977,2026-08-25 00:00:00,0.3705882352941176,0.1659090909090909,0.6666666666666666,0.4641255605381166
688013,天臣医疗,医疗器械,HIGH_PRIORITY_CANDIDATE,3,现金流/利润背离；收入与利润同比下滑；小流通市值,32.53725032216495,25.72,2087322032.0,2087322032.0,53.84,25.55,4.07,-7.61,-45.61,1.04,-15.4427849528,-26.49,0.12,1.7,-0.1966928950916666,64.1297257164,2026-04-29 00:00:00,0.6494845360824743,0.8203125,0.34375,0.55078125
301680,固德电材,汽车零部件,HIGH_PRIORITY_CANDIDATE,3,高换手；现金流/利润背离；小流通市值,32.53207955396522,98.02,8116056000.0,1646979090.0,41.12,41.26,4.5,-23.52,70.32,4.19,68.4179604564,21.6,1.36,7.48,-0.2350087695367646,27.0964099631,2026-08-25 00:00:00,0.5939086294416244,0.8106995884773662,0.1967213114754098,0.9508196721311476
000820,神雾节能,环保设备Ⅱ,HIGH_PRIORITY_CANDIDATE,3,估值压力；高换手；小流通市值,32.519999999999996,3.7,2392254162.0,1098777445.0,-597.2,-37.79,27.81,-0.27,9.14,6.35,121.286518628,41.76,-0.0015,-1.16,,17.1022494912,2026-04-29 00:00:00,0.0,0.9583333333333334,0.76,1.0
603183,建研院,专业服务,HIGH_PRIORITY_CANDIDATE,3,60日强势；收入与利润同比下滑；小流通市值,32.51724137931035,4.74,2356506410.0,2356506410.0,-192.08,-1162.35,1.48,16.18,9.98,1.41,-6.536029418,-291.75,-0.01,-0.38,,43.8646059618,2026-08-22 00:00:00,0.0,0.1379310344827586,0.9310344827586208,0.6551724137931034
002081,金 螳 螂,装修装饰Ⅱ,HIGH_PRIORITY_CANDIDATE,3,高换手；现金流/利润背离；收入与利润同比下滑,32.513134592680046,5.77,15321217686.0,15305216800.0,24.9,38.95,1.12,-14.14,75.38,14.83,-15.0799240164,-14.05,0.1158,2.21,-3.15536303171848,13.3597357595,2026-08-26 00:00:00,0.327995867768595,0.1052631578947368,0.4285714285714285,1.0
300387,富邦科技,农化制品,HIGH_PRIORITY_CANDIDATE,3,现金流/利润背离；收入与利润同比下滑；小流通市值,32.48670654702559,7.47,2159255924.0,2158506138.0,19.58,40.61,1.49,-3.98,-11.6,1.59,-1.5127889328,-9.91,0.1908,3.77,0.3441566898689727,26.1316604106,2026-08-20 00:00:00,0.4509803921568627,0.3389830508474576,0.5084745762711864,0.5677966101694916
301016,雷尔伟,轨交设备Ⅱ,HIGH_PRIORITY_CANDIDATE,3,估值压力；现金流/利润背离；收入与利润同比下滑,32.48620689655172,12.45,3814792374.0,3658108402.0,365.89,54.7,3.8,-17.77,-22.28,0.59,-8.0014612794,-29.3,0.0119,1.01,-12.359115107563024,36.8485772224,2026-04-29 00:00:00,0.95,0.8620689655172413,0.1034482758620689,0.3793103448275862
301082,久盛电气,电网设备,HIGH_PRIORITY_CANDIDATE,3,高换手；收入与利润同比下滑；小流通市值,32.48062015503876,9.86,2900830990.0,2688899421.0,-106.5,78.89,2.86,-4.83,-28.08,5.67,-19.1326585235,-2.87,-0.0301,-0.66,,10.2323510848,2026-04-21 00:00:00,0.0,0.4961240310077519,0.7751937984496124,0.9302325581395348
002149,西部材料,小金属,HIGH_PRIORITY_CANDIDATE,3,估值压力；现金流/利润背离；收入与利润同比下滑,32.47333333333333,36.2,17673356719.0,17670636289.0,197.29,203.15,2.67,-38.23,-20.28,1.99,-11.3905618761,-26.77,0.0917,0.9,-4.364706789334787,17.546967876,2026-08-25 00:00:00,0.9166666666666666,0.22,0.04,0.56
688517,金冠电气,电网设备,HIGH_PRIORITY_CANDIDATE,3,现金流/利润背离；收入与利润同比下滑；小流通市值,32.46777408637874,15.52,2120236616.0,2120236616.0,57.94,37.32,2.84,-24.59,2.71,2.07,-11.518841188,-56.78,0.13,2.24,-1.0085810216692308,29.2261774183,2026-08-26 00:00:00,0.5904761904761905,0.4728682170542636,0.2790697674418604,0.7286821705426356
301429,森泰股份,装修建材,HIGH_PRIORITY_CANDIDATE,3,现金流/利润背离；收入与利润同比下滑；小流通市值,32.467532467532465,17.57,2077125400.0,772943147.0,35.35,42.06,1.56,-11.08,-6.04,2.06,-3.1651508591,-5.78,0.2528,2.15,0.0772582695530063,29.7688304296,2026-08-26 00:00:00,0.4761904761904761,0.3548387096774194,0.3636363636363636,0.7878787878787878
301632,广东建科,专业服务,HIGH_PRIORITY_CANDIDATE,3,估值压力；现金流/利润背离；小流通市值,32.46469622331691,13.52,5658931200.0,2485145000.0,405.06,42.3,2.08,-20.24,-43.81,0.89,-15.5371900346,124.82,0.0083,0.13,-20.108370603975903,20.5017031498,2026-04-23 00:00:00,0.9047619047619048,0.4137931034482758,0.1379310344827586,0.3793103448275862
603096,新经典,出版,HIGH_PRIORITY_CANDIDATE,3,现金流/利润背离；收入与利润同比下滑；小流通市值,32.464285714285715,14.92,2301180590.0,2301180590.0,26.05,30.98,1.27,-5.81,-11.3,0.53,-8.3616139624,-5.79,0.2863,2.46,0.1577124511805798,50.4785904122,2026-08-11 00:00:00,0.5,0.5714285714285714,0.4642857142857143,0.5357142857142857
603829,洛凯股份,电网设备,HIGH_PRIORITY_CANDIDATE,3,估值压力；现金流/利润背离；收入与利润同比下滑,32.4516057585825,15.61,2907614742.0,2907614742.0,224.67,52.86,1.98,-31.32,-29.3,0.81,-4.3974976475,-88.42,0.02,0.22,-48.64314002415,14.9259861977,2026-04-30 00:00:00,0.9428571428571428,0.2170542635658914,0.1317829457364341,0.3023255813953488
688004,博汇科技,IT服务Ⅱ,HIGH_PRIORITY_CANDIDATE,3,60日强势；收入与利润同比下滑；小流通市值,32.428,21.64,1733104320.0,1733104320.0,-41.78,-65.72,3.09,2.56,-6.44,1.27,-21.6284431536,-22.6987035942,-0.26,-3.63,,52.8287193647,2026-08-24 00:00:00,0.0,0.4132231404958678,0.952,0.524
300384,三联虹普,专业工程,HIGH_PRIORITY_CANDIDATE,3,现金流/利润背离；收入与利润同比下滑；小流通市值,32.41698841698842,12.27,3914219142.0,2700792510.0,21.59,20.73,1.41,-1.21,-23.65,0.61,-36.6328247821,-43.55,0.1421,1.61,-1.348678671090781,50.0209047956,2026-04-28 00:00:00,0.3571428571428571,0.3333333333333333,0.7567567567567568,0.1891891891891892
002343,慈文传媒,影视院线,HIGH_PRIORITY_CANDIDATE,3,60日强势；收入与利润同比下滑；小流通市值,32.416666666666664,5.21,2467874290.0,2467874290.0,-46.98,-74.25,2.58,0.58,-27.23,1.23,-98.6883314647,-747.9,-0.0277,-1.37,,60.0980407882,2026-04-30 00:00:00,0.0,0.4117647058823529,0.9444444444444444,0.5277777777777778
603062,麦加芯彩,化学制品,HIGH_PRIORITY_CANDIDATE,3,现金流/利润背离；收入与利润同比下滑；小流通市值,32.37647058823529,39.19,4232520000.0,1452894789.0,55.9,30.68,2.09,-10.11,-15.26,0.17,-6.0383741601,-65.61,0.36,1.8,-0.6245064660499999,19.3603312107,2026-08-22 00:00:00,0.75,0.4205882352941176,0.4235294117647059,0.0294117647058823
603375,盛景微,半导体,HIGH_PRIORITY_CANDIDATE,3,估值压力；收入与利润同比下滑；小流通市值,32.35002888816668,37.47,3771980012.0,2389871410.0,647.78,-2807.63,2.45,-22.18,2.94,0.91,-17.4257625634,-79.75,0.03,0.19,24.41232855823333,27.8831182097,2026-08-22 00:00:00,0.9338235294117648,0.05,0.1555555555555555,0.1712707182320442
603370,华新精科,电机Ⅱ,HIGH_PRIORITY_CANDIDATE,3,现金流/利润背离；收入与利润同比下滑；小流通市值,32.31652173913044,32.98,5769851000.0,1153970200.0,43.12,43.08,2.96,-20.85,-29.84,1.04,-5.0711169002,-31.97,0.38,3.4,-0.2591809569657894,18.5609400625,2026-08-25 00:00:00,0.4782608695652174,0.4,0.48,0.4
300395,菲利华,航空装备Ⅱ,HIGH_PRIORITY_CANDIDATE,3,估值压力；高换手；现金流/利润背离,32.296752519596865,88.35,46447987695.0,45282679290.0,78.78,89.97,8.87,-26.07,-11.91,3.62,44.0592363283,32.95,0.5656,6.1,0.4582305728712871,50.1135854681,2026-08-21 00:00:00,0.5526315789473685,0.9787234042553192,0.1276595744680851,0.9361702127659576
688523,航天环宇,航天装备Ⅱ,HIGH_PRIORITY_CANDIDATE,3,估值压力；现金流/利润背离；收入与利润同比下滑,32.287206859399305,40.65,16539672000.0,16539672000.0,2080.75,980.56,9.83,-28.33,-27.36,0.42,-24.4523468347,-88.55,0.0098,0.24,-18.08261295510204,35.7884068028,2026-08-21 00:00:00,0.9909607438016528,0.918743961352657,0.0693693693693693,0.166546633057256
603350,安乃达,电机Ⅱ,HIGH_PRIORITY_CANDIDATE,3,现金流/利润背离；收入与利润同比下滑；小流通市值,32.28173913043478,28.48,3317749120.0,1256665760.0,30.61,29.99,2.49,-8.45,-24.64,0.44,-5.4475826454,-13.96,0.23,2.01,-5.184762963721739,16.4428171493,2026-04-30 00:00:00,0.2608695652173913,0.36,0.84,0.08
002857,三晖电气,电网设备,HIGH_PRIORITY_CANDIDATE,3,60日强势；收入与利润同比下滑；小流通市值,32.263565891472865,19.81,2587859540.0,2547271822.0,-29.03,-36.86,5.74,2.22,-4.48,1.17,-29.1367935546,-173.3,-0.3412,-9.53,,11.5999548209,2026-08-19 00:00:00,0.0,0.8604651162790697,0.9069767441860463,0.4496124031007752
300804,广康生化,农化制品,HIGH_PRIORITY_CANDIDATE,3,60日强势；收入与利润同比下滑；小流通市值,32.24576271186441,43.37,3209380000.0,1192675000.0,-1394.27,139.37,2.37,17.63,24.45,0.88,-14.3271527885,-103.36,-0.01,-0.04,,19.1820000649,2026-04-24 00:00:00,0.0,0.711864406779661,0.9661016949152542,0.3135593220338983
300469,信息发展,软件开发,HIGH_PRIORITY_CANDIDATE,3,估值压力；60日强势；收入与利润同比下滑,32.21875,55.38,13747466073.0,13740542189.0,-109.47,-80.21,58.73,11.07,-10.39,0.88,-35.5562175464,-58.25,-0.1265,-13.07,,-7.8142747079,2026-04-29 00:00:00,0.0,1.0,0.96875,0.28125
300881,盛德鑫泰,特钢Ⅱ,HIGH_PRIORITY_CANDIDATE,3,估值压力；现金流/利润背离；小流通市值,32.2,31.44,3458400000.0,1804852500.0,28.7,15.46,2.76,-36.3,-7.15,1.24,10.5944254008,-28.74,0.5478,4.93,-2.647250512794816,10.9322380848,2026-08-24 00:00:00,0.6,1.0,0.0833333333333333,0.8333333333333334
600854,春兰股份,白色家电,HIGH_PRIORITY_CANDIDATE,3,高换手；现金流/利润背离；小流通市值,32.19318181818181,4.66,2420676787.0,2420676787.0,12.32,22.59,0.98,-2.51,-4.31,1.62,65.0474966376,-17.23,0.1892,3.9554,-0.1768949855443974,18.2702536472,2026-08-26 00:00:00,0.096590909090909,0.2,0.5454545454545454,0.9090909090909092
603908,牧高笛,服装家纺,HIGH_PRIORITY_CANDIDATE,3,现金流/利润背离；收入与利润同比下滑；小流通市值,32.17666666666667,19.62,1827151505.0,1827151505.0,22.31,-41.14,3.76,-5.9,-15.97,0.58,-19.7979721301,-33.3,0.22,4.3,-2.721420373868182,30.4263131809,2026-04-28 00:00:00,0.38,0.711864406779661,0.5333333333333333,0.35
000504,南华生物,医疗服务,HIGH_PRIORITY_CANDIDATE,3,估值压力；现金流/利润背离；小流通市值,32.151886792452835,8.27,2729291020.0,2721842231.0,227.72,71.25,10.04,-14.12,-7.6,0.76,473.5648250701,271.99,0.0182,2.23,-0.9922527494505492,10.0095615331,2026-08-24 00:00:00,0.925,0.9433962264150944,0.0943396226415094,0.1132075471698113
301331,恩威医药,中药Ⅱ,HIGH_PRIORITY_CANDIDATE,3,现金流/利润背离；收入与利润同比下滑；小流通市值,32.14756944444444,22.05,2268766108.0,2263150481.0,45.36,47.12,2.23,-9.78,-13.26,1.1,-10.7738431507,-23.31,0.1215,1.16,-0.2793551123209877,55.6895940464,2026-04-27 00:00:00,0.7222222222222222,0.4682539682539682,0.125,0.453125
300837,浙矿股份,专用设备,HIGH_PRIORITY_CANDIDATE,3,现金流/利润背离；收入与利润同比下滑；小流通市值,32.142096267737195,23.22,2322157014.0,1755298764.0,65.79,38.96,1.68,-19.63,-31.14,1.92,-19.912859286,-48.6,0.18,1.21,-1.0421112168833335,30.0311864638,2026-08-26 00:00:00,0.5323741007194245,0.1777777777777777,0.1657458563535911,0.7458563535911602
300354,东华测试,通用设备,HIGH_PRIORITY_CANDIDATE,3,现金流/利润背离；收入与利润同比下滑；小流通市值,32.09837334036754,27.18,3759543063.0,2267805456.0,48.3,37.8,4.32,-15.49,-40.0,1.69,-21.0120232064,-49.05,0.28,4.4,-0.4481999211285714,65.4002111262,2026-08-24 00:00:00,0.4176470588235294,0.6431818181818182,0.3333333333333333,0.5964125560538116
603402,陕西旅游,旅游及景区,HIGH_PRIORITY_CANDIDATE,3,高换手；收入与利润同比下滑；小流通市值,32.09142857142857,64.85,6519586710.0,1629896710.0,26.15,21.41,2.27,-7.28,7.47,7.31,-18.850115535,-39.01,1.24,4.25,1.8177296994846772,63.3982872605,2026-08-14 00:00:00,0.2857142857142857,0.4583333333333333,0.28,0.96
300588,熙菱信息,计算机设备,HIGH_PRIORITY_CANDIDATE,3,估值压力；60日强势；收入与利润同比下滑,32.07831325301205,20.93,4007488658.0,3700885088.0,-46.42,-88.82,15.64,8.56,-22.48,0.67,-33.230799781,-43.72,-0.1136,-8.09,,27.5666258641,2026-04-29 00:00:00,0.0,0.975609756097561,0.9036144578313252,0.2710843373493976
300269,联建光电,光学光电子,HIGH_PRIORITY_CANDIDATE,3,估值压力；收入与利润同比下滑；小流通市值,31.98936170212766,4.96,2713000112.0,2607200827.0,-51.59,-174.02,35.84,-7.81,-24.39,1.97,-33.0262463684,-1111.15,-0.0479,-31.12,,24.75575559,2026-08-25 00:00:00,0.0,0.9680851063829788,0.648936170212766,0.6914893617021277
301555,惠柏新材,塑料,HIGH_PRIORITY_CANDIDATE,3,高换手；现金流/利润背离；小流通市值,31.980087421078192,33.93,3130609131.0,1640422193.0,25.41,30.91,2.66,-14.88,2.17,9.14,34.930893775,85.54,0.67,5.37,-2.268223851204477,13.5015753198,2026-08-26 00:00:00,0.1379310344827586,0.4142857142857143,0.3661971830985915,0.971830985915493
301195,北路智控,软件开发,HIGH_PRIORITY_CANDIDATE,3,现金流/利润背离；收入与利润同比下滑；小流通市值,31.9765625,26.23,3464191903.0,2300104188.0,37.91,27.29,1.43,-6.09,-22.69,0.7,-5.3516530372,-34.86,0.35,1.86,-0.0266792786085714,38.941757276,2026-08-25 00:00:00,0.1875,0.03125,0.6953125,0.2109375
301697,贝特利,光伏设备,HIGH_PRIORITY_CANDIDATE,3,60日强势；现金流/利润背离；小流通市值,31.960317460317462,,3178670000.0,532291511.0,16.73,19.29,3.39,0.0,0.0,0.0,116.8945608402,105.44,0.48,10.67,-2.5772937460875003,7.1542873916,2026-08-11 00:00:00,0.0357142857142857,0.6721311475409836,0.9365079365079364,0.0158730158730158
000935,四川双马,多元金融,HIGH_PRIORITY_CANDIDATE,3,估值压力；现金流/利润背离；收入与利润同比下滑,31.94871794871795,22.85,17444611609.0,17444611609.0,74.17,72.53,2.23,-18.6,-8.01,0.2,-17.703533739,-49.55,0.08,0.75,-0.2373373707749999,45.7578433069,2026-04-29 00:00:00,0.9166666666666666,0.6923076923076923,0.0384615384615384,0.0384615384615384
301262,海看股份,广告营销,HIGH_PRIORITY_CANDIDATE,3,现金流/利润背离；收入与利润同比下滑；小流通市值,31.933333333333334,18.66,7781220000.0,2277926815.0,21.63,20.06,2.05,-12.11,-23.27,1.56,-2.0596141555,-23.2,0.22,2.39,-0.6713794023318183,53.5317396123,2026-04-24 00:00:00,0.2,0.1666666666666666,0.4666666666666667,0.6
300150,世纪瑞尔,IT服务Ⅱ,HIGH_PRIORITY_CANDIDATE,3,60日强势；收入与利润同比下滑；小流通市值,31.9,4.38,2562764512.0,2030844956.0,-52.36,67.33,1.63,-0.23,-17.2,0.5,-7.0161226534,-1115.68,-0.021,-0.77,,38.0866513981,2026-04-24 00:00:00,0.0,0.0991735537190082,0.904,0.092
002887,绿茵生态,环境治理,HIGH_PRIORITY_CANDIDATE,3,现金流/利润背离；收入与利润同比下滑；小流通市值,31.88138528138528,9.56,2925243502.0,2076731362.0,33.24,27.46,1.28,-27.52,5.52,1.4,-19.3551182325,-25.28,0.1438,1.81,-1.6961057327121,44.7678597752,2026-08-20 00:00:00,0.5454545454545454,0.3529411764705882,0.0666666666666666,0.6571428571428571
001268,联合精密,家电零部件Ⅱ,HIGH_PRIORITY_CANDIDATE,3,高换手；收入与利润同比下滑；小流通市值,31.6,24.14,3637962381.0,2277310074.0,-518.93,113.78,3.69,-18.14,-4.32,13.38,-11.9933078017,-109.13,-0.02,-0.17,,14.9276243266,2026-04-24 00:00:00,0.0,0.7,0.3,1.0
603409,汇通控股,汽车零部件,HIGH_PRIORITY_CANDIDATE,3,高换手；现金流/利润背离；小流通市值,31.51757926271116,18.17,3411924316.0,978963478.0,22.95,22.5,2.22,-33.81,-26.7,3.28,31.8739854662,6.03,0.4,4.76,0.3763737547624999,28.1468928591,2026-08-26 00:00:00,0.2690355329949238,0.4300411522633744,0.0327868852459016,0.9139344262295082
603322,超讯科技,通信服务,HIGH_PRIORITY_CANDIDATE,3,估值压力；现金流/利润背离；收入与利润同比下滑,31.495423340961096,25.26,3980642467.0,3980642467.0,38.48,-71.04,12.68,-19.78,-34.15,0.94,-64.9241035358,-28.25,0.33,20.92,-0.4360762623787878,29.3853677134,2026-08-18 00:00:00,0.2608695652173913,0.9736842105263158,0.2894736842105263,0.3947368421052631
603779,威龙股份,非白酒,HIGH_PRIORITY_CANDIDATE,3,高换手；收入与利润同比下滑；小流通市值,31.470588235294116,8.16,2709795273.0,2709795273.0,-113.26,-37.31,5.62,-13.65,26.71,3.8,-12.1363944244,-398.09,-0.04,-2.44,,49.0276669399,2026-08-26 00:00:00,0.0,0.8235294117647058,0.2352941176470588,1.0
300220,金运激光,自动化设备,HIGH_PRIORITY_CANDIDATE,3,估值压力；收入与利润同比下滑；小流通市值,31.320987654320987,11.11,1679832000.0,1677824956.0,-157.63,-427.65,27.71,-11.12,-22.58,0.93,-10.3611573274,-196.18,-0.0176,-4.3,,26.7729170278,2026-04-29 00:00:00,0.0,0.9753086419753086,0.4938271604938271,0.3333333333333333
300774,倍杰特,环境治理,HIGH_PRIORITY_CANDIDATE,3,高换手；收入与利润同比下滑；小流通市值,31.276190476190475,11.28,4610854085.0,2301993929.0,-121.4,298.4,3.17,-18.97,-40.57,3.5,-6.990340244,-138.24,-0.0465,-1.29,,25.0369254069,2026-08-26 00:00:00,0.0,0.7549019607843137,0.1714285714285714,0.9333333333333332
000890,法尔胜,环保设备Ⅱ,HIGH_PRIORITY_CANDIDATE,3,估值压力；高换手；收入与利润同比下滑,31.2,7.98,3347641665.0,3347538547.0,-91.11,-43.99,171.25,-28.49,57.4,4.14,-1.8208943079,-1123.53,-0.02,-38.05,,7.0894520402,2026-04-30 00:00:00,0.0,1.0,0.12,0.96
301052,果麦文化,出版,HIGH_PRIORITY_CANDIDATE,3,高换手；收入与利润同比下滑；小流通市值,31.17857142857143,23.02,2278043984.0,1847120058.0,-27.99,-47.03,3.49,-15.83,-39.69,2.07,-32.5056059528,-818.51,-0.4112,-6.04,,46.9982361836,2026-08-12 00:00:00,0.0,0.8928571428571429,0.1071428571428571,0.9642857142857144
600121,郑州煤电,煤炭开采,HIGH_PRIORITY_CANDIDATE,3,估值压力；高换手；收入与利润同比下滑,31.115384615384613,4.19,5105146439.0,5105146439.0,-7.53,-4.9,8.49,-18.96,0.48,5.24,-23.3996976928,-51.3309969882,-0.2782,-44.04,,12.9299318734,2026-08-25 00:00:00,0.0,0.9615384615384616,0.0769230769230769,0.9615384615384616
300264,佳创视讯,IT服务Ⅱ,HIGH_PRIORITY_CANDIDATE,3,估值压力；收入与利润同比下滑；小流通市值,31.084,6.53,2813499593.0,2418623538.0,-176.87,-69.22,322.71,-22.17,-2.68,1.32,-67.244739218,-304.98,-0.0092,-37.14,,31.4743553298,2026-04-25 00:00:00,0.0,1.0,0.256,0.572
300731,科创新源,橡胶,HIGH_PRIORITY_CANDIDATE,3,估值压力；高换手；收入与利润同比下滑,31.058823529411764,42.23,7486725491.0,7105233987.0,-624.3,332.23,12.21,-31.27,5.23,3.2,-11.0884932884,-129.75,-0.02,-0.49,,16.456190833,2026-04-29 00:00:00,0.0,1.0,0.0588235294117647,0.9411764705882352
300849,锦盛新材,化妆品,HIGH_PRIORITY_CANDIDATE,3,估值压力；收入与利润同比下滑；小流通市值,30.92307692307692,20.89,3133500000.0,2303537438.0,-125.69,-55.99,5.81,-18.46,33.65,0.98,-3.4477067722,-62.46,-0.04,-1.15,,17.8746352181,2026-04-25 00:00:00,0.0,1.0,0.2307692307692307,0.4615384615384615
301024,霍普股份,工程咨询服务Ⅱ,HIGH_PRIORITY_CANDIDATE,3,估值压力；收入与利润同比下滑；小流通市值,30.525000000000002,32.25,2050616250.0,1985310000.0,-26.77,-21.88,6.07,-29.07,-8.82,0.87,-18.3902391891,-117.02,-0.3012,-5.51,,-21.7663625108,2026-04-29 00:00:00,0.0,1.0,0.05,0.425
